upc,name,price,stock,review_rating,review_num
a897fe39b1053632,A Light in the Attic,￥441.64,22,3,0
deda3e61b9514b83,"Our Band Could Be Your Life: Scenes from the American Indie Underground, 1981-1991",￥488.39,19,3,0
3b1c02bac2a429e6,Scott Pilgrim's Precious Little Life (Scott Pilgrim #1),￥446.08,19,5,0
feb7cc7701ecf901,Olio,￥203.72,19,1,0
a34ba96d4081e6a4,Rip it Up and Start Again,￥298.75,19,5,0
0312262ecafa5a40,"Starving Hearts (Triangular Trade Trilogy, #1)",￥119.35,19,2,0
30a7f60cd76ca58c,Shakespeare's Sonnets,￥176.25,19,4,0
ce6396b0f23f6ecc,Set Me Free,￥148.95,19,5,0
1dfe412b8ac00530,The Black Maria,￥444.89,19,1,0
e10e1e165dc8be4a,The Boys in the Boat: Nine Americans and Their Epic Quest for Gold at the 1936 Berlin Olympics,￥192.80,19,4,0
4165285e1663650f,Sapiens: A Brief History of Humankind,￥462.63,20,5,0
e72a5dfc7e9267b2,"The Coming Woman: A Novel Based on the Life of the Infamous Feminist, Victoria Woodhull",￥152.96,19,3,0
2597b5a345f45e1b,The Dirty Little Secrets of Getting Your Dream Job,￥284.42,19,4,0
f77dbf2323deb740,The Requiem Red,￥193.22,19,1,0
e00eb4fd7b871a48,Sharp Objects,￥407.95,20,4,0
6957f44c3847a760,Soumission,￥427.40,20,1,0
a22124811bfa8350,It's Only the Himalayas,￥385.34,19,2,0
90fa61229261140a,Tipping the Velvet,￥458.45,20,1,0
a18a4f574854aced,Libertarianism for Beginners,￥437.89,19,2,0
e30f54cea9b38190,Mesaerion: The Best Science Fiction Stories 1800-1849,￥320.68,19,1,0
55f9da0c5eea2e10,You can't bury them all: Poems,￥286.89,17,2,0
be5cc846f45496fb,Behind Closed Doors,￥445.48,18,4,0
19ed25f4641d5efd,"In a Dark, Dark Wood",￥167.46,18,1,0
23356462d1320d61,In Her Wake,￥109.54,19,1,0
668fe56b17cfcd4f,Penny Maybe,￥283.99,18,3,0
094b269567e1c300,Maude (1883-1993):She Grew Up with the country,￥153.73,18,2,0
6be3beb0793a53e7,Sophie's World,￥135.98,18,5,0
3c039985229453bf,The Five Love Languages: How to Express Heartfelt Commitment to Your Mate,￥264.88,18,3,0
6258a1f6a6dcfe50,The Four Agreements: A Practical Guide to Personal Freedom,￥150.66,18,5,0
9f6568e9c95f60b0,The Bear and the Piano,￥314.70,18,1,0
5dada2b7be26bd03,The Elephant Tree,￥203.21,18,5,0
c7d160c2c0de586f,America's Cradle of Quarterbacks: Western Pennsylvania's Football Factory from Johnny Unitas to Joe Montana,￥191.95,19,3,0
904208d6aa64b655,Aladdin and His Wonderful Lamp,￥453.25,19,3,0
4c28def39d850cdf,Worlds Elsewhere: Journeys Around Shakespeare’s Globe,￥343.80,18,5,0
ccd9ffa25efabdea,Wall and Piece,￥376.90,18,4,0
9528d0948525bf5f,Birdsong: A Story in Pictures,￥466.13,19,3,0
5674a18a29a43ced,"Foolproof Preserving: A Guide to Small Batch Jams, Jellies, Pickles, Condiments, and More: A Foolproof Guide to Making Small Batch Jams, Jellies, Pickles, Condiments, and More",￥260.36,19,3,0
327f68a59745c102,How Music Works,￥318.37,19,2,0
b4fd5943413e089a,Slow States of Collapse: Poems,￥488.91,17,3,0
00bfed9e18bb36f3,Black Dust,￥294.57,19,5,0
c2e46a2ee3b4a322,Chase Me (Paris Nights #2),￥215.58,19,5,0
cedf82b5086e4691,The Natural History of Us (The Fine Art of Pretending #2),￥385.77,16,3,0
5ee94540d0749ea0,The Past Never Ends,￥482.00,16,4,0
142d767a56a9254d,"The Pioneer Woman Cooks: Dinnertime: Comfort Classics, Freezer Food, 16-Minute Meals, and Other Delicious Ways to Solve Supper!",￥481.23,16,1,0
51653ef291ab7ddc,This One Summer,￥166.27,16,4,0
b5ea0b5dabed25a8,The Secret of Dreadwillow Carse,￥478.84,16,1,0
4eed62cf5f8d8edf,The Torch Is Passed: A Harding Family Story,￥162.85,16,1,0
7858914fad68493c,Throwing Rocks at the Google Bus: How Growth Became the Enemy of Prosperity,￥265.48,16,3,0
709822d0b5bcb7f4,Thirst,￥147.33,16,5,0
09555be379ad9253,Tsubasa: WoRLD CHRoNiCLE 2 (Tsubasa WoRLD CHRoNiCLE #2),￥138.88,16,1,0
9a9d6e9bc555731e,"Unbound: How Eight Technologies Made Us Human, Transformed Society, and Brought Our World to the Brink",￥217.71,16,1,0
7ae099f3898e0209,Unicorn Tracks,￥160.21,16,3,0
d170b5a0da46380e,"Unseen City: The Majesty of Pigeons, the Discreet Charm of Snails & Other Wonders of the Urban Wilderness",￥376.90,16,4,0
8d455c7539795d2a,"We Love You, Charlie Freeman",￥428.85,16,5,0
3ecb690d1542c568,When We Collided,￥271.03,16,1,0
acddfeab2a407640,Without Borders (Wanderlove #1),￥384.49,16,2,0
657fe5ead67a7767,Untitled Collection: Sabbath Poems 2014,￥121.74,16,4,0
7d385d34d12e60ff,The Nameless City (The Nameless City #1),￥325.54,16,4,0
c82a3e358c773c73,"Rat Queens, Vol. 3: Demons (Rat Queens (Collected Editions) #11-15)",￥429.96,16,3,0
53a3d11bb568cc8b,"Saga, Volume 5 (Saga (Collected Editions) #5)",￥435.42,16,2,0
d7310206583a54b6,Reskilling America: Learning to Labor in the Twenty-First Century,￥169.17,16,2,0
c27f6e1f185b0383,#HigherSelfie: Wake Up Your Life. Free Your Soul. Find Your Tribe.,￥197.15,17,5,0
6f78a0d744c35456,Security,￥334.84,16,2,0
c849f0b2f5d6a742,"Saga, Volume 6 (Saga (Collected Editions) #6)",￥213.44,16,3,0
e6af5bf1163c1151,Soul Reader,￥337.65,16,2,0
87b0615b6e1f4d7b,Spark Joy: An Illustrated Master Class on the Art of Organizing and Tidying Up,￥356.85,16,4,0
80cfab6bcff3a244,The Art Forger,￥347.72,16,3,0
a3d2a4250807f1e9,The Age of Genius: The Seventeenth Century and the Birth of the Modern Mind,￥168.31,16,1,0
7d6d2a6c0276f81b,The Activist's Tao Te Ching: Ancient Advice for a Modern Revolution,￥275.04,16,5,0
bd261725b99f5983,The Death of Humanity: and the Case for Life,￥495.73,16,4,0
a30b270e25489e5c,The Electric Pencil: Drawings from Inside State Hospital No. 3,￥478.24,16,1,0
43c6a960757cf559,"The Bulletproof Diet: Lose up to a Pound a Day, Reclaim Energy and Focus, Upgrade Your Life",￥418.44,16,3,0
acd86a5426e21ca0,The Gutsy Girl: Escapades for Your Life of Epic Adventure,￥316.75,16,1,0
31075275518532d7,"The Mindfulness and Acceptance Workbook for Anxiety: A Guide to Breaking Free from Anxiety, Phobias, and Worry Using Acceptance and Commitment Therapy",￥203.80,16,4,0
0da9aa9d24677fc0,The Life-Changing Magic of Tidying Up: The Japanese Art of Decluttering and Organizing,￥143.06,16,3,0
aadee1c326d286e3,The Most Perfect Thing: Inside (and Outside) a Bird's Egg,￥366.49,16,4,0
8c9e6bf2467d740d,"The Inefficiency Assassin: Time Management Tactics for Working Smarter, Not Longer",￥175.65,16,5,0
d01ac97e2b8947c2,The Murder That Never Was (Forensic Instincts #5),￥461.61,16,3,0
b12b89017878a60d,Private Paris (Private #10),￥406.16,17,5,0
c8f7f0cb1abb9cac,Reasons to Stay Alive,￥225.30,17,2,0
b136b1b180ca753a,In the Country We Love: My Family Divided,￥187.68,16,4,0
18ad3ed896c7ce05,Join,￥304.30,16,5,0
228f74b74f3a08ae,Judo: Seven Steps to Black Belt (an Introductory Guide for Beginners),￥459.82,16,2,0
7b75cc7f223791f4,"Layered: Baking, Building, and Styling Spectacular Cakes",￥342.17,16,1,0
57e5a4d515c8ce44,Lumberjanes Vol. 3: A Terrible Plan (Lumberjanes #9-12),￥169.94,16,2,0
b6ee99bcf06fc91f,"Lumberjanes, Vol. 1: Beware the Kitten Holy (Lumberjanes #1-4)",￥389.09,16,3,0
460089f796fb3f82,"Lumberjanes, Vol. 2: Friendship to the Max (Lumberjanes #5-8)",￥400.18,16,2,0
784bc2279baa878d,My Paris Kitchen: Recipes and Stories,￥284.68,16,2,0
fa9610a50a1bf149,Masks and Shadows,￥481.14,16,2,0
9ffa38d3b832433a,Online Marketing for Busy Authors: A Step-By-Step Guide,￥395.41,16,1,0
72f9d5be3472d34e,"Mama Tried: Traditional Italian Cooking for the Screwed, Crude, Vegan, and Tattooed",￥119.60,16,4,0
11809b1d323b3057,orange: The Complete Collection 1 (orange: The Complete Collection #1),￥412.98,16,1,0
889139b8e9c4cb36,"Outcast, Vol. 1: A Darkness Surrounds Him (Outcast #1)",￥131.72,16,4,0
3c346ab1e76ae1f6,Obsidian (Lux #1),￥126.77,16,2,0
b757c0c361e689ce,On a Midnight Clear,￥120.03,16,3,0
0e691eda369f4e09,Princess Between Worlds (Wide-Awake Princess #5),￥113.80,16,5,0
7392c0032f92d816,"Political Suicide: Missteps, Peccadilloes, Bad Calls, Backroom Hijinx, Sordid Pasts, Rotten Breaks, and Just Plain Dumb Mistakes in the Annals of American Politics",￥309.50,16,2,0
e80f8e518b300dfe,"Pop Gun War, Volume 1: Gift",￥161.83,16,1,0
0fa6dceead7ce47a,"Princess Jellyfish 2-in-1 Omnibus, Vol. 01 (Princess Jellyfish 2-in-1 Omnibus #1)",￥116.11,16,5,0
e4f74c16de34d440,Immunity: How Elie Metchnikoff Changed the Course of Modern Medicine,￥489.33,16,5,0
9429b4d59c537af5,Patience,￥86.67,16,3,0
6d5300b2d8f37e07,"Avatar: The Last Airbender: Smoke and Shadow, Part 3 (Smoke and Shadow #3)",￥239.63,16,2,0
bdf415fd484ea8a7,"Bitch Planet, Vol. 1: Extraordinary Machine (Bitch Planet (Collected Editions))",￥323.49,16,2,0
74baabfc8fd84b38,Bossypants,￥421.94,16,2,0
5ceb951f629700a2,Burning,￥245.78,16,3,0
7b599c8bfcdd8d30,Camp Midnight,￥145.71,16,4,0
8754c83ab2a7ae71,"Codename Baboushka, Volume 1: The Conclave of Death",￥313.25,16,4,0
7267864328ae8b9d,Crown of Midnight (Throne of Glass #2),￥369.30,16,3,0
09b6cc87e62c2c58,Danganronpa Volume 1,￥443.52,16,4,0
fce19f9b4a943f22,"Don't Be a Jerk: And Other Practical Advice from Dogen, Japan's Greatest Zen Master",￥323.92,16,2,0
9beb96a2300109d7,Forever and Forever: The Courtship of Henry Longfellow and Fanny Appleton,￥253.28,16,3,0
2a97cffe61c3c4c7,Her Backup Boyfriend (The Sorensen Family #1),￥289.79,16,1,0
311c0dd0e354a33e,Everydata: The Misinformation Hidden in the Little Data You Consume Every Day,￥463.65,16,2,0
7add3f8e49ec0826,Fifty Shades Darker (Fifty Shades #2),￥187.34,16,1,0
9e28048cea8d41f7,First and First (Five Boroughs #3),￥136.24,16,4,0
f2df3bb043a8abb0,"Giant Days, Vol. 2 (Giant Days #5-8)",￥188.62,16,2,0
a6f99b9e687f9d46,How to Be Miserable: 40 Strategies You Already Use,￥392.68,16,1,0
f5a92cff83897d48,The Stranger,￥148.78,15,4,0
fd3a622648667296,The Vacationers,￥359.58,15,4,0
3bebf34ee9330cbd,The Third Wave: An Entrepreneur’s Vision of the Future,￥107.57,15,5,0
623e1a180426039b,The Wedding Dress,￥205.77,15,1,0
37c0cb19713d8dda,The White Cat and the Monk: A Retelling of the Poem “Pangur Bán”,￥495.47,15,4,0
bee3672891cca906,Call the Nurse: True Stories of a Country Nurse on a Scottish Isle,￥248.59,16,5,0
bc2a85fd35fdc7bd,Thirteen Reasons Why,￥449.75,15,1,0
de3f25248ba0789f,Thomas Jefferson and the Tripoli Pirates: The Forgotten War That Changed American History,￥508.78,15,1,0
590a9cccf7db9f7d,Throne of Glass (Throne of Glass #1),￥299.18,15,3,0
9270575728a13a61,"William Shakespeare's Star Wars: Verily, A New Hope (William Shakespeare's Star Wars #4)",￥369.39,15,4,0
d7d6d50c1e3d0b81,Tracing Numbers on a Train,￥354.89,15,3,0
b8736690cf263a3c,Tuesday Nights in 1980,￥179.49,15,2,0
796c87ddbbaaf8c5,You Are What You Love: The Spiritual Power of Habit,￥186.57,15,4,0
01d2001ac1e6f8a3,A Court of Thorns and Roses (A Court of Thorns and Roses #1),￥446.76,16,1,0
e4ac92d89b946781,(Un)Qualified: How God Uses Broken People to Do Big Things,￥460.67,16,5,0
842790dfaa937484,A Fierce and Subtle Poison,￥239.97,16,4,0
3a6fb983e2554023,A Flight of Arrows (The Pathfinders #2),￥473.72,16,5,0
f733e8c19d40ec2e,A Murder in Time,￥141.95,16,1,0
8a380641491d43ed,"A Piece of Sky, a Grain of Rice: A Memoir in Four Meditations",￥484.21,16,5,0
38d45839cb1c83c1,Algorithms to Live By: The Computer Science of Human Decisions,￥262.84,16,1,0
70ed59f194b3c556,A World of Flavor: Your Gluten Free Passport,￥366.40,16,1,0
96a38e7c813d8f1d,The Cookies & Cups Cookbook: 125+ sweet & savory recipes reminding you to Always Eat Dessert First,￥351.90,15,1,0
d6670dfe3e7b42bd,The Emerald Mystery,￥197.49,15,2,0
e956d67c9bcc5809,The Girl on the Train,￥469.37,15,2,0
42d0d7c92b75fc1c,The Genius of Birds,￥147.07,15,1,0
2dbb7ec08cdd7f3c,The Glittering Court (The Glittering Court #1),￥377.75,15,1,0
eac1a180047ad54e,The Kite Runner,￥356.76,15,4,0
9287e238d7c3b06e,The House by the Lake,￥315.22,15,1,0
abeafe151a587d3b,The Long Shadow of Small Ghosts: Murder and Memory in an American City,￥93.58,15,1,0
08db62f24627e71f,The Matchmaker's Playbook (Wingmen Inc. #1),￥476.45,15,1,0
99ff4cc6491e8f5c,The Mistake (Off-Campus #2),￥369.30,15,3,0
e28e330cbdf01126,The Love and Lemons Cookbook: An Apple-to-Zucchini Celebration of Impromptu Cooking,￥320.76,15,2,0
c7b5183f4d1d4efe,The Murder of Roger Ackroyd (Hercule Poirot #4),￥376.21,15,4,0
e4c7f3487d17fd42,The Nerdy Nummies Cookbook: Sweet Treats for the Geek in All of Us,￥318.54,15,5,0
790ef197c8f236f5,The Project,￥90.85,15,1,0
209adad1015af86f,The Omnivore's Dilemma: A Natural History of Four Meals,￥325.97,15,2,0
8ec14b1576cb7cb5,The Power of Now: A Guide to Spiritual Enlightenment,￥371.44,15,2,0
a40723994f715420,Mrs. Houdini,￥258.06,15,5,0
50b8f80311b31ede,"Nightingale, Sing",￥326.56,15,1,0
cfeb1e1e0e695b58,Night Sky with Exit Wounds,￥350.19,15,1,0
31001a1210623bd4,Poems That Make Grown Women Cry,￥121.05,15,4,0
e656e280bc8edd56,Romero and Juliet: A Tragic Tale of Love and Zombies,￥315.13,15,1,0
d9c643fa1fc57bdb,Poses for Artists Volume 1 - Dynamic and Sitting Poses: An Essential Reference for Figure Drawing and the Human Form,￥350.28,15,1,0
b53db2271c9624f7,Redeeming Love,￥174.63,15,5,0
ad04ad9fc179fc5d,Secrets and Lace (Fatal Hearts #1),￥172.92,15,1,0
1c929cfd16b71907,Scarlett Epstein Hates It Here,￥371.52,15,5,0
2a70769cdc6eb8b8,Soft Apocalypse,￥222.83,15,2,0
0c27e6c3744fc14b,"Shobu Samurai, Project Aryoku (#3)",￥247.91,15,3,0
0e0dcc3339602b28,Shoe Dog: A Memoir by the Creator of NIKE,￥204.66,15,2,0
1b33663ad7b95fd8,So You've Been Publicly Shamed,￥104.33,15,2,0
ca71e72655bece85,Something More Than This,￥138.54,15,4,0
56e4f9eab2e8e674,The 10% Entrepreneur: Live Your Startup Dream Without Quitting Your Day Job,￥235.03,15,3,0
c99761a700ade23f,The Argonauts,￥93.24,15,2,0
203b7f94b7d6115f,Suddenly in Love (Lake Haven #1),￥477.65,15,2,0
4aa03792b50f0b22,Little Red,￥114.91,15,3,0
29c0025455f8c585,Eureka Trivia 6.0,￥465.70,15,4,0
46c1530d7546ea6d,"Deliciously Ella Every Day: Quick and Easy Recipes for Gluten-Free Snacks, Packed Lunches, and Simple Meals",￥359.66,15,3,0
3a11bb962ff45b78,Doing It Over (Most Likely To #1),￥303.79,15,3,0
65d034adf80834b7,"Fables, Vol. 1: Legends in Exile (Fables #1)",￥355.06,15,4,0
6ffb36aaeff1c81e,Drive: The Surprising Truth About What Motivates Us,￥298.15,15,4,0
f6d967cdadc6fbd9,Done Rubbed Out (Reightman & Bailey #1),￥321.79,15,5,0
edb3097e71330040,Finders Keepers (Bill Hodges Trilogy #2),￥456.66,15,5,0
fd8585283fc7d2d7,I Had a Nice Time And Other Lies...: How to find love & sh*t like that,￥489.33,15,4,0
d163dd6c352fbcd2,Grumbles,￥189.04,15,2,0
2f88b08bf0a0e367,First Steps for New Christians (Print Edition),￥247.40,15,1,0
116a2fdc9a45bab0,Frostbite (Vampire Academy #2),￥255.84,15,5,0
ce60436f52c5ee68,Full Moon over Noah’s Ark: An Odyssey to Mount Ararat and Beyond,￥421.68,15,4,0
8585760646e3aa2a,Follow You Home,￥182.22,15,1,0
4ce91d31c1e57c33,Hollow City (Miss Peregrine’s Peculiar Children #2),￥366.66,15,1,0
c1afd71fc86bf682,Large Print Heart of the Pride,￥163.37,15,2,0
af96613fdd793a3c,Miss Peregrine’s Home for Peculiar Children (Miss Peregrine’s Peculiar Children #1),￥91.79,15,1,0
caf4fe9311f1dc59,Modern Romance,￥241.08,15,5,0
e7469e22b5bfb3e7,The Art of War,￥284.42,15,5,0
dd047728de72ad62,The Artist's Way: A Spiritual Path to Higher Creativity,￥328.35,15,5,0
d69dd8dac66f9f84,Louisa: The Extraordinary Life of Mrs. Adams,￥143.75,15,2,0
ba54932df84e8cea,Library of Souls (Miss Peregrine’s Peculiar Children #3),￥414.26,15,5,0
efc3768127714ec3,The Bridge to Consciousness: I'm Writing the Bridge Between Science and Our Old and New Beliefs.,￥272.99,15,3,0
ffd54178acc9a6a5,Amatus,￥431.15,15,5,0
3fb15ace50d6142b,Wild Swans,￥122.50,14,2,0
2b5054a4192e9b06,Why the Right Went Wrong: Conservatism--From Goldwater to the Tea Party and Beyond,￥449.15,14,4,0
047097293bb4d1c0,"Wonder Woman: Earth One, Volume One (Wonder Woman: Earth One #1)",￥318.54,14,4,0
024387ca4cafd5cc,You (You #1),￥372.03,14,5,0
d195e7f4ed697350,Agnostic: A Spirited Manifesto,￥106.72,15,5,0
dd5bfa6cc2c0ecc3,Zealot: The Life and Times of Jesus of Nazareth,￥210.71,14,3,0
bb8245f52c7cce8f,Amid the Chaos,￥312.06,15,1,0
3f69e667a67e54d9,Beauty Restored (Riley Family Legacy Novellas #3),￥94.78,15,2,0
05f7c6d9a4e582d3,Ayumi's Violin,￥132.06,15,2,0
d24b829be2ca81c4,Anonymous,￥399.42,15,4,0
7edc0527cf782e19,Batman: The Long Halloween (Batman),￥311.38,15,2,0
919e7cb2269a25d2,Becoming Wise: An Inquiry into the Mystery and Art of Living,￥234.00,15,2,0
7ebfa6c1bee69e1e,Amy Meets the Saints and Sages,￥157.48,15,3,0
47271d8e08b5d31c,Batman: The Dark Knight Returns (Batman),￥131.21,15,5,0
1f329c2e7d7de8bd,Big Magic: Creative Living Beyond Fear,￥262.75,15,3,0
513271dadc1322ae,Chasing Heaven: What Dying Taught Me About Living,￥322.47,15,2,0
a57b1dcbd6849222,Close to You,￥421.94,15,4,0
3b9a3b4624b7fd6d,"Daring Greatly: How the Courage to Be Vulnerable Transforms the Way We Live, Love, Parent, and Lead",￥165.76,15,3,0
88c21fcd38e2486e,Dark Notes,￥163.71,15,5,0
0651062381f0636a,The Regional Office Is Under Attack!,￥438.15,15,5,0
e98a4efa85070c2f,The Psychopath Test: A Journey Through the Madness Industry,￥307.11,15,2,0
1528279aec1f3dce,The Star-Touched Queen,￥392.59,14,5,0
012094e90a4b908d,The Rosie Project (Don Tillman #1),￥461.01,14,1,0
e88fb1c9397cfb27,The Song of Achilles,￥319.06,14,5,0
c5cb9f885d8b3621,The Wedding Pact (The O'Malleys #2),￥278.19,14,3,0
00c4543ec6bd25b4,The Songs of the Gods,￥379.45,14,5,0
e9906e2f0d189745,The Time Keeper,￥237.84,14,5,0
081305e6df719dff,The Testament of Mary,￥449.32,14,4,0
6875c5657661b2fb,The White Queen (The Cousins' War #1),￥221.04,14,5,0
08b2f71d93836313,The Wright Brothers,￥484.56,14,4,0
f0f38174a7e689a3,This Is Where It Ends,￥231.36,14,2,0
6e44bcbeac7f4360,Through the Woods,￥216.51,14,2,0
76c84daa539426e2,"Unbroken: A World War II Story of Survival, Resilience, and Redemption",￥391.99,14,2,0
34c0d7c4ee5650af,The Year of Magical Thinking,￥367.17,14,2,0
1d6443ffba9dfd80,Twenty Yawns,￥188.36,14,2,0
aba2db9afb1469c7,Until Friday Night (The Field Party #1),￥395.07,14,2,0
dc6f688b82e42a5b,The Bane Chronicles (The Bane Chronicles #1-11),￥381.59,14,4,0
2c04320e110a14a3,Take Me with You,￥385.68,14,3,0
2d1e337aaf341858,Tastes Like Fear (DI Marnie Rome #3),￥91.20,14,1,0
0c7b9cf2b7662b65,That Darkness (Gardiner and Renner #1),￥118.75,14,1,0
1b8187fa4bf6ab05,The 14th Colony (Cotton Malone #11),￥334.75,14,1,0
923831a05c9f91f7,The Bad-Ass Librarians of Timbuktu: And Their Race to Save the World’s Most Precious Manuscripts,￥134.53,14,1,0
961f18db4f138211,The Secret (The Secret #1),￥233.49,15,4,0
3d76bc83c6b644c9,The Dovekeepers,￥416.14,14,1,0
847935fc68707426,The Guilty (Will Robie #4),￥117.90,14,2,0
6edacfd1f8ebb9eb,The Darkest Lie,￥301.57,14,5,0
f72f61ad6a5f12ed,The Immortal Life of Henrietta Lacks,￥346.95,14,2,0
ddc8340dabc8641b,The Help Yourself Cookbook for Kids: 60 Easy Plant-Based Recipes Kids Can Make to Stay Healthy and Save the Earth,￥245.43,14,3,0
a86972014275e072,The First Hostage (J.B. Collins #2),￥220.52,14,3,0
992974ba6a0536ea,The Hidden Oracle (The Trials of Apollo #1),￥445.82,14,2,0
2d88a31f325dfd3b,The Loney,￥199.62,14,1,0
4881cc53f6c8892f,The Literature Book (Big Ideas Simply Explained),￥148.69,14,3,0
6bdd909329435e80,The Power of Habit: Why We Do What We Do in Life and Business,￥144.00,14,3,0
4a1debca3135ff37,V for Vendetta (V for Vendetta Complete),￥316.50,14,4,0
f21effc079a2b38a,The Long Haul (Diary of a Wimpy Kid #9),￥375.96,14,1,0
4e812d32d64e2431,The Lucifer Effect: Understanding How Good People Turn Evil,￥88.72,14,1,0
52cf2a5933ec5d8f,The Marriage of Opposites,￥239.55,14,4,0
af58a74e4b2a23a0,Pet Sematary,￥90.09,14,3,0
71e36f33981ddb74,"Naruto (3-in-1 Edition), Vol. 14: Includes Vols. 40, 41 & 42 (Naruto: Omnibus #14)",￥327.50,14,2,0
132ec5e8c984adef,No Dream Is Too High: Life Lessons From a Man Who Walked on the Moon,￥187.25,14,2,0
02b74068fa98d8a4,Old School (Diary of a Wimpy Kid #10),￥100.92,14,5,0
8ecf0356a3878811,"Overload: How to Unplug, Unwind, and Unleash Yourself from the Pressure of Stress",￥444.89,14,3,0
e34efcc824685332,Once Was a Time,￥155.94,14,2,0
aa35446aab16017f,"Quarter Life Poetry: Poems for the Young, Broke and Hangry",￥434.14,14,5,0
31e2e2d9cca3778f,"Red Hood/Arsenal, Vol. 1: Open for Business (Red Hood/Arsenal #1)",￥217.37,14,2,0
85b2176b3b194030,Robin War,￥407.95,14,3,0
86cbddb61ea78bb7,salt.,￥399.08,14,4,0
f9705c362f070608,See America: A Celebration of Our National Parks & Treasured Sites,￥416.91,14,3,0
830fb3967c74866d,Shtum,￥476.37,14,4,0
a6454e329f872b78,Rain Fish,￥201.07,14,3,0
3edcccc4f341fb1a,Sorting the Beef from the Bull: The Science of Food Fraud Forensics,￥381.67,14,4,0
394f6d30cafc3edb,"So Cute It Hurts!!, Vol. 6 (So Cute It Hurts!! #6)",￥302.25,14,4,0
a278db6b2b09cf9f,Someone Like You (The Harrisons #2),￥450.35,14,5,0
95019eac1c0a052f,Steve Jobs,￥336.97,14,5,0
fe44cc816576c652,Still Life with Bread Crumbs,￥225.30,14,3,0
ac8e3949d284e9a9,Superman Vol. 1: Before Truth (Superman by Gene Luen Yang #1),￥101.43,14,5,0
4c8b7540409da4ac,Swell: A Year of Waves,￥388.84,14,1,0
6a31307a81e8f3a8,Walt Disney's Alice in Wonderland,￥110.56,14,5,0
fbb21a2f71f4d981,"Hyperbole and a Half: Unfortunate Situations, Flawed Coping Mechanisms, Mayhem, and Other Things That Happened",￥125.83,14,5,0
3bc89353f7e3a3cc,The Last Mile (Amos Decker #2),￥462.46,14,2,0
6b6cd77fbc91b7a6,"Hush, Hush (Hush, Hush #1)",￥401.12,14,3,0
aeff7b87a8e83ebb,I Am Pilgrim (Pilgrim #1),￥90.43,14,4,0
b8a8ff84233f0570,I Know What I'm Doing -- and Other Lies I Tell Myself: Dispatches from a Life Under Construction,￥221.63,14,4,0
2b52334fab158861,Island of Dragons (Unwanteds #7),￥252.94,14,1,0
245e6bf08b8d2955,"It's All Easy: Healthy, Delicious Weeknight Meals in under 30 Minutes",￥166.78,14,1,0
708345c9897fd7c5,Lady Midnight (The Dark Artifices #1),￥138.88,14,5,0
1174156c4a0eccaa,Let It Out: A Journey Through Journaling,￥228.54,14,5,0
24af96df0bafb925,Looking for Lovely: Collecting the Moments that Matter,￥248.59,14,5,0
adb5f51c2e2ab13f,Love Is a Mix Tape (Music #1),￥153.81,14,1,0
d512871626a5e588,Luckiest Girl Alive,￥425.09,14,3,0
a10c7515834240f3,Lowriders to the Center of the Earth (Lowriders in Space #2),￥439.43,14,2,0
5b43cae640f2338a,Luis Paints the World,￥460.24,14,3,0
727bf2b86b19ad88,My Name Is Lucy Barton,￥354.54,14,1,0
47d47155e89c8be7,More Than Music (Chasing the Dream #1),￥320.85,14,2,0
137b0b2775701e11,My Kind of Crazy,￥344.31,14,1,0
b96fc7a0ea7d4b45,Made to Stick: Why Some Ideas Survive and Others Die,￥331.43,14,5,0
caa2e5b3fb1b2d4c,Mr. Mercedes (Bill Hodges Trilogy #1),￥246.54,14,1,0
cc82685d9f49bc2c,My Mrs. Brown,￥208.84,14,3,0
92275cedf6d8ee15,"We Are Robin, Vol. 1: The Vigilante Business (We Are Robin #1)",￥459.82,14,1,0
94a958ea126cdcd5,Dear Mr. Knightley,￥95.63,14,5,0
28cf0d1c51b491e5,Cometh the Hour (The Clifton Chronicles #6),￥213.36,14,3,0
0e94a089328be4bc,Daily Fantasy Sports,￥312.06,14,1,0
4b9d9cfe0f435788,Crazy Love: Overwhelmed by a Relentless God,￥407.09,14,2,0
3c6fe637a0180b01,Demigods & Magicians: Percy and Annabeth Meet the Kanes (Percy Jackson & Kane Chronicles Crossover #1-3),￥319.99,14,5,0
bf5de316a5e9a4ab,Doctor Sleep (The Shining #2),￥342.26,14,2,0
ad2887ce04583910,Don't Get Caught,￥472.19,14,1,0
047dfa57ba0bf638,"Eat Fat, Get Thin",￥461.27,14,2,0
a01f6d368ef64dc5,"Eaternity: More than 150 Deliciously Easy Vegan Recipes for a Long, Healthy, Satisfied, Joyful Life",￥441.47,14,5,0
1d6dd0c87d90fe92,Eight Hundred Grapes,￥122.76,14,4,0
27c5968fe43cc06e,El Deafo,￥491.55,14,5,0
9eaf58b03a2779cc,Eligible (The Austen Project #4),￥231.10,14,3,0
17fb5a88180f9904,"Living Leadership by Insight: A Good Leader Achieves, a Great Leader Builds Monuments",￥400.18,14,4,0
a2bd4ca82d908442,Every Last Word,￥396.43,14,3,0
ac4dde0d1be05de0,"Far & Away: Places on the Brink of Change: Seven Continents, Twenty-Five Years",￥128.48,14,4,0
9194ae88379dbf1a,Feathers: Displays of Brilliant Plumage,￥418.44,14,3,0
eec424a84c9e4c68,God: The Most Unpleasant Character in All Fiction,￥256.18,14,5,0
de4b403cb629a29f,Glory over Everything: Beyond The Kitchen House,￥391.06,14,3,0
f201f263d8c23f97,Greek Mythic History,￥87.27,14,5,0
afa829857f82f99e,Hamilton: The Revolution,￥501.53,14,3,0
ad41c24ccac0c7ce,Angels & Demons (Robert Langdon #1),￥439.17,14,3,0
1fbb5f786e53a0ce,Angels Walking (Angels Walking #1),￥291.76,14,2,0
ffdc825785c0ede8,Art Ops Vol. 1,￥416.31,14,3,0
41164b8ac02a2c42,Aristotle and Dante Discover the Secrets of the Universe (Aristotle and Dante Discover the Secrets of the Universe #1),￥495.99,14,4,0
9b65f676984c9f0c,Balloon Animals,￥145.28,14,3,0
0e0da9192a025efc,Barefoot Contessa at Home: Everyday Recipes You'll Make Over and Over Again,￥431.83,14,5,0
999912e63a3262ae,Barefoot Contessa Back to Basics,￥238.95,14,1,0
0b165bd4b9f42fd5,Hold Your Breath (Search and Rescue #1),￥245.86,14,1,0
bf68dcb5fad3cc8c,Batman: Europa,￥273.07,14,2,0
a80f66b254fe9eb3,Brain on Fire: My Month of Madness,￥420.74,14,5,0
16ef91b9d827859c,Buying In: The Secret Dialogue Between What We Buy and Who We Are,￥322.47,14,4,0
e2e7b683b4c15b7d,Catching Jordan (Hundred Oaks),￥433.63,14,3,0
5f22418922fa728b,Carrie,￥394.38,14,2,0
1b0fc9f777cad045,"Carry On, Warrior: Thoughts on Life Unarmed",￥271.71,14,3,0
bfbb54bc8cdeed2b,Cell,￥173.09,14,4,0
5b987e54ee72525c,City of Bones (The Mortal Instruments #1),￥369.22,14,1,0
1e264c677d4ee4ae,City of Fallen Angels (The Mortal Instruments #4),￥95.80,14,4,0
077b635ff2afc578,Will You Won't You Want Me?,￥118.24,12,3,0
4a7a25be293ad678,The Star-Touched Queen,￥275.55,12,5,0
ce1ae197ada2aec4,The Silent Sister (Riley MacPherson #1),￥394.90,12,5,0
148715df5a02ea5e,Tipping Point for Planet Earth: How Close Are We to the Edge?,￥320.34,12,1,0
4be9d1910f8a4e80,13 Hours: The Inside Account of What Really Happened In Benghazi,￥230.85,13,1,0
8a6ec2761f91dad2,City of Ashes (The Mortal Instruments #2),￥403.26,14,1,0
8bbd7df8a324f31d,My Kitchen Year: 136 Recipes That Saved My Life,￥98.36,13,2,0
44d97b6707dae3f0,Rook,￥322.98,13,4,0
ac5e0d3938caf686,"The Three Searches, Meaning, and the Story",￥113.72,13,3,0
2f0213137a80d485,Searching for Meaning in Gailana,￥330.40,13,1,0
01a177623cce9596,A Brush of Wings (Angels Walking #3),￥473.55,14,1,0
6e8e5626ac4d279e,1491: New Revelations of the Americas Before Columbus,￥185.97,14,3,0
d5e0526e1ab682a3,A Distant Mirror: The Calamitous 14th Century,￥124.38,14,3,0
c1379d3744f1dd2c,"A Series of Catastrophes and Miracles: A True Story of Love, Science, and Cancer",￥481.83,14,2,0
1ad06aed9349af46,A People's History of the United States,￥347.98,14,2,0
8682c03de6a844ff,A Man Called Ove,￥338.85,14,1,0
63ee5bc46066a8a8,A Study in Scarlet (Sherlock Holmes #1),￥142.72,14,2,0
14e44163678e24dc,The Midnight Watch: A Novel of the Titanic and the Californian,￥223.51,12,1,0
39861fc1c0845d15,All the Light We Cannot See,￥254.82,14,5,0
4416c474713ec1f5,A Time of Torment (Charlie Parker #14),￥412.47,14,5,0
cf1aa2fc02a7d1e0,Abstract City,￥480.89,14,5,0
5319169a72714c62,"Adulthood Is a Myth: A ""Sarah's Scribbles"" Collection",￥92.99,14,2,0
966ebb738e0f9d9b,City of Glass (The Mortal Instruments #3),￥477.90,14,4,0
9546d537fbf99eb6,"Love, Lies and Spies",￥175.31,12,2,0
b978c9852cde91bd,How to Speak Golf: An Illustrated Guide to Links Lingo,￥497.52,12,5,0
c039f5aceb093537,Most Wanted,￥300.97,12,3,0
e7fe3bf2768602cf,Murder at the 42nd Street Library (Raymond Ambler #1),￥463.74,12,4,0
db84624b151cbe06,No Love Allowed (Dodge Cove #1),￥466.21,12,4,0
81ef44fcc5f454df,One with You (Crossfire #5),￥134.02,12,4,0
abdd91e96515a617,Poisonous (Max Revere Novels #3),￥228.63,12,3,0
b8d7b3f5c7a95d65,Psycho: Sanitarium (Psycho #1.5),￥315.39,12,5,0
8976d9161c027142,Quench Your Own Thirst: Business Lessons Learned Over a Beer or Two,￥368.02,12,1,0
f40fea200e0c644f,Snatched: How A Drug Queen Went Undercover for the DEA and Was Kidnapped By Colombian Guerillas,￥180.94,12,3,0
b63ea3f7a57ae099,Stars Above (The Lunar Chronicles #4.5),￥409.91,12,2,0
ebf81a62e4798fd1,Raspberry Pi Electronics Projects for the Evil Genius,￥423.73,12,4,0
64fd010bf8d15096,The Children,￥101.35,12,3,0
54fc03f1e1d355db,The Diary of a Young Girl,￥511.00,12,3,0
c6ca293d4810e0d5,The Dinner Party,￥482.34,12,2,0
f732d7d18a91d2ba,The Epidemic (The Program 0.6),￥123.19,12,5,0
42b0c50fc44140ec,Clockwork Angel (The Infernal Devices #1),￥376.55,14,1,0
3063c7e95d0bf76f,The Gray Rhino: How to Recognize and Act on the Obvious Dangers We Ignore,￥504.60,12,4,0
582a21a1dbbef3cf,The Lonely City: Adventures in the Art of Being Alone,￥283.74,12,2,0
33a3e0e3ffde0dcd,Code Name Verity (Code Name Verity #1),￥188.79,14,4,0
235fa48eeed11d82,The Golden Condom: And Other Essays on Love Lost and Found,￥336.37,12,1,0
6fd646a334e6e133,What's It Like in Space?: Stories from Astronauts Who've Been There,￥167.21,14,2,0
44a10f1ac8ce822e,Whole Lotta Creativity Going On: 60 Fun and Unusual Exercises to Awaken and Strengthen Your Creativity,￥325.88,14,4,0
d6361d16212664ed,The Shadow Hero (The Shadow Hero),￥282.71,15,1,0
1c89ae5bb804e4de,I am a Hero Omnibus Volume 1,￥466.04,16,3,0
985991708c47003e,"The Sleep Revolution: Transforming Your Life, One Night at a Time",￥99.64,11,4,0
8d4eefad7a2b3915,"I Hate Fairyland, Vol. 1: Madly Ever After (I Hate Fairyland (Compilations) #1-5)",￥248.85,16,2,0
437d8dea9272d0a9,The Improbability of Love,￥507.16,11,1,0
a4eef523118805ef,"A la Mode: 120 Recipes in 60 Pairings: Pies, Tarts, Cakes, Crisps, and More Topped with Ice Cream, Gelato, Frozen Custard, and More",￥330.74,12,1,0
515cb8fcafb1ad98,Troublemaker: Surviving Hollywood and Scientology,￥412.81,11,2,0
6159d8b187831770,The Widow,￥232.55,11,2,0
b783ce08802cd1d1,Off the Hook (Fishing for Trouble #1),￥406.67,11,3,0
cf62fa272b5f0fa3,Take Me Home Tonight (Rock Star Romance #3),￥460.50,11,3,0
b06599b108e83f98,"Setting the World on Fire: The Brief, Astonishing Life of St. Catherine of Siena",￥180.43,11,2,0
05a61a3bd8ca4149,Playing with Fire,￥116.96,11,3,0
f435aa99d864077d,Sleeping Giants (Themis Files #1),￥415.80,11,1,0
1c584f82a7a1c4f0,The Art of Startup Fundraising,￥179.15,11,3,0
49b24c6a41b82bd2,Boar Island (Anna Pigeon #19),￥507.42,12,3,0
63343e287971bb0c,A Paris Apartment,￥332.79,12,4,0
d069086944f2e330,Can You Keep a Secret? (Fear Street Relaunch #4),￥414.94,12,1,0
df7e628bad5782b4,Dirty (Dive Bar #1),￥348.32,12,4,0
6983328f15506cb9,Eleanor & Park,￥482.08,12,5,0
3968e3fbf4695d7c,Equal Is Unfair: America's Misguided Fight Against Income Inequality,￥485.07,12,1,0
76319fe9d8b465a3,Everyday Italian: 125 Simple and Delicious Recipes,￥171.47,12,5,0
c6a29d6df8de968c,Furiously Happy: A Funny Book About Horrible Things,￥353.69,12,4,0
bddc6fd036eb6279,Hide Away (Eve Duncan #20),￥101.01,12,1,0
825d6c44da3ca5a6,Lab Girl,￥348.49,11,1,0
469508882dfc1991,Lies and Other Acts of Love,￥385.08,11,1,0
bade9943ee01b63f,Lilac Girls,￥147.41,11,2,0
28b2df9fadc9f07e,"Mother, Can You Not?",￥144.09,11,5,0
96aa539bfd4c07e2,10-Day Green Smoothie Cleanse: Lose Up to 15 Pounds in 10 Days!,￥424.07,10,5,0
5569c3fea112718e,M Train,￥231.87,11,1,0
34669b2e9d407d3a,"10% Happier: How I Tamed the Voice in My Head, Reduced Stress Without Losing My Edge, and Found Self-Help That Actually Works",￥209.60,10,2,0
a9d7b75461084a26,11/22/63,￥413.58,11,3,0
40c4bf520c17de54,A Gentleman's Position (Society of Gentlemen #3),￥125.83,11,5,0
bb967277222e689c,Adultery,￥178.13,11,5,0
2b69dec0193511d9,A Mother's Reckoning: Living in the Aftermath of Tragedy,￥166.61,11,3,0
816180220e8cb419,Born for This: How to Find the Work You Were Meant to Do,￥184.18,11,5,0
2587c54f5530dafc,Cravings: Recipes for What You Want to Eat,￥174.88,11,3,0
f608c903c451f387,Daredevils,￥139.39,11,3,0
c65c25d990fc7025,"Exit, Pursued by a Bear",￥437.98,11,4,0
2c34f9432069b52b,Arena,￥182.22,11,4,0
ce8666d9b42fc9a0,It Didn't Start with You: How Inherited Family Trauma Shapes Who We Are and How to End the Cycle,￥480.03,11,3,0
b5953ca1f8a0b8d7,Grey (Fifty Shades #4),￥413.66,11,4,0
20dc4f1ac5d4fd9c,Keep Me Posted,￥174.54,11,4,0
ab60e6f5a63e1cfb,Without Shame,￥411.79,9,5,0
e845d305f64154f1,Don't Forget Steven,￥283.48,9,1,0
7e9068872228c474,Dress Your Family in Corduroy and Denim,￥372.63,9,3,0
8fab4c4f6f82a4ce,If I Gave You God's Phone Number....: Searching for Spirituality in America,￥178.38,9,1,0
97187f5cf0385da3,"Fruits Basket, Vol. 9 (Fruits Basket #9)",￥289.62,9,4,0
913e7109cec0cb4c,Nap-a-Roo,￥213.95,9,1,0
6baac632f7711e26,Modern Day Fables,￥404.71,9,2,0
ee6c67859d70186b,"NaNo What Now? Finding your editing process, revising your NaNoWriMo book and building a writing career through publishing and beyond",￥88.81,9,4,0
47e1b2d43f709995,Mothering Sunday,￥113.80,11,2,0
0e095ed785af7e43,Suzie Snowflake: One beautiful flake (a self-esteem story),￥467.58,9,5,0
ca74f2e3c35a3e77,"The Fabric of the Cosmos: Space, Time, and the Texture of Reality",￥476.96,9,1,0
e77594ece9b9d1fe,The Alien Club,￥464.08,9,1,0
f9c87ccb2bc4853b,The Art and Science of Low Carbohydrate Living,￥451.97,9,5,0
33396269bcce166f,The Flowers Lied,￥142.30,9,2,0
65cfc9f242c2984a,"The Moosewood Cookbook: Recipes from Moosewood Restaurant, Ithaca, New York",￥105.27,9,4,0
7186241e043de5dc,Chernobyl 01:23:40: The Incredible True Story of the World's Worst Nuclear Disaster,￥306.43,9,2,0
4b50fb1359ebf35d,The New Brand You: Your New Image Makes the Sale for You,￥375.79,9,5,0
bee6e93e9976f4fa,Shadows of the Past (Logan Point #1),￥338.42,8,5,0
e46a164cf310fd7d,Silence in the Dark (Logan Point #4),￥497.61,8,3,0
a2475a245c9907c4,Smarter Faster Better: The Secrets of Being Productive in Life and Business,￥331.77,8,5,0
3f25a2fedae191cc,The Book of Mormon,￥209.60,9,3,0
a2308a936e898d48,The E-Myth Revisited: Why Most Small Businesses Don't Work and What to Do About It,￥314.88,8,1,0
331c26103d885cae,South of Sunshine,￥246.80,8,1,0
1bba4b1ba23ed2d6,The Grownup,￥306.09,8,1,0
4f283dfcbeccc0d4,The High Mountains of Portugal,￥436.36,8,1,0
9afd00e81d6208e6,The Martian (The Martian #1),￥353.09,8,2,0
1809259a5a5f1d8d,Vagabonding: An Uncommon Guide to the Art of Long-Term World Travel,￥315.13,8,2,0
3eec766dda26fa64,The New Drawing on the Right Side of the Brain,￥367.00,8,3,0
b69c852e7e3956af,When Breath Becomes Air,￥335.78,8,2,0
e0bdd79c7304ee8d,The Unlikely Pilgrimage of Harold Fry (Harold Fry #1),￥372.12,8,5,0
5a0d2e9284004266,"The Midnight Assassin: Panic, Scandal, and the Hunt for America's First Serial Killer",￥242.70,8,4,0
04f6c929888f4f11,Why Not Me?,￥151.51,8,1,0
0bfdef63285d3019,Hystopia: A Novel,￥187.34,8,4,0
aeb51dfbe8aeec59,Roller Girl,￥120.29,8,5,0
bbf1ea50be8008ab,I Will Find You,￥377.15,8,1,0
b7870fa6dc088fbb,Howl and Other Poems,￥345.07,8,2,0
8a150fd8ff5d7686,History of Beauty,￥87.78,8,4,0
e77033ce559947f7,"Zero to One: Notes on Startups, or How to Build the Future",￥290.56,8,3,0
0ab4b35dcffcffd1,I'll Give You the Sun,￥481.83,8,1,0
bd26e8a79a856c31,John Vassos: Industrial Design for Modern Life,￥172.49,8,4,0
0cf57cb49272fd37,Kierkegaard: A Christian Missionary to Christians,￥402.06,8,1,0
4d3a4c7b442a9a4e,"Love That Boy: What Two Presidents, Eight Road Trips, and My Son Taught Me About a Parent's Expectations",￥213.78,8,2,0
c44c5e1425475206,Les Fleurs du Mal,￥247.74,8,5,0
39eefec3a8498dde,Kill 'Em and Leave: Searching for James Brown and the American Soul,￥384.32,8,5,0
044534b0b28b4e87,Living Forward: A Proven Plan to Stop Drifting and Get the Life You Want,￥107.06,8,3,0
4729afff3bea0f0a,Man's Search for Meaning,￥251.49,8,3,0
bff270fe9c86a5a9,Miller's Valley,￥499.40,8,2,0
29af1a2566c4e36e,Left Behind (Left Behind #1),￥347.38,8,2,0
c181ca8eabe7d18c,A Hero's Curse (The Unseen Chronicles #1),￥430.73,9,3,0
c0fc0cd215ee1724,Out of Print: City Lights Spotlight No. 14,￥457.60,8,5,0
4a823d80aa30dbb0,Please Kill Me: The Uncensored Oral History of Punk,￥266.08,8,4,0
d56d0710668bb39c,Proofs of God: Classical Arguments from Tertullian to Barth,￥462.46,8,1,0
52fc458ffc756faf,Rising Strong,￥186.14,8,3,0
9a7291b89bd5445c,My Life Next Door (My Life Next Door ),￥310.44,8,5,0
61cf7eb9d2cd8bb0,23 Degrees South: A Tropical Tale of Changing Whether...,￥305.32,9,2,0
0ff9d10864db8364,The Whale,￥306.77,7,4,0
4242cc3d0437db12,Toddlers Are A**holes: It's Not Your Fault,￥217.96,7,1,0
4a0b78598b42897a,The Year of Living Biblically: One Man's Humble Quest to Follow the Bible as Literally as Possible,￥296.19,7,1,0
48cb52d78c992487,Unreasonable Hope: Finding Faith in the God Who Brings Purpose to Your Pain,￥395.24,7,2,0
9735c969c652dd89,What Happened on Beale Street (Secrets of the South Mysteries #2),￥216.43,7,5,0
b46d022080543144,Wildlife of New York: A Five-Borough Coloring Book,￥188.87,7,2,0
a94350ee74deaa07,Under the Tuscan Sun,￥318.46,7,3,0
88ec621893e595d0,You Are a Badass: How to Stop Doubting Your Greatness and Start Living an Awesome Life,￥103.05,7,3,0
b1a227b7609ff263,32 Yolks,￥457.51,8,2,0
04e3de7ac35ec5cd,Between the World and Me,￥485.49,8,4,0
fef91502cbacf23a,"A Murder Over a Girl: Justice, Gender, Junior High",￥112.61,8,3,0
15ebd83e53d0391b,Being Mortal: Medicine and What Matters in the End,￥469.71,8,4,0
77e9ea355bd8ae57,Brazen: The Courage to Find the You That's Been Hiding,￥163.96,8,2,0
f16c2edb2a603f92,"""Most Blessed of the Patriarchs"": Thomas Jefferson and the Empire of the Imagination",￥379.45,8,5,0
7f5157bf53065d36,Brilliant Beacons: A History of the American Lighthouse,￥97.68,8,3,0
0c11e2d068768dbb,Diary of a Citizen Scientist: Chasing Tiger Beetles and Other New Ways of Engaging the World,￥242.36,8,1,0
4dbd54d9e36c9566,Death by Leisure: A Cautionary Tale,￥319.99,8,4,0
e049d44c4f1cf1b2,Ender's Game (The Ender Quintet #1),￥372.29,8,1,0
df6a7c43faa6732b,Future Shock (Future Shock #1),￥474.74,8,5,0
d48c1369927ebef1,Heaven is for Real: A Little Boy's Astounding Story of His Trip to Heaven and Back,￥450.94,8,2,0
63d5f1651880dcea,A Shard of Ice (The Black Symphony Saga #1),￥483.10,9,3,0
903a9f8090104c2c,The Shack,￥239.12,9,1,0
0967effecd292a86,Underlying Notes,￥100.84,9,2,0
4fd0a2a350f016e6,Unlimited Intuition Now,￥502.21,9,4,0
d1848064c54e01c7,Watchmen,￥495.22,9,4,0
9147c5251cc99eb1,The Story of Art,￥350.96,7,4,0
9639e89d20228e6e,"Shrunken Treasures: Literary Classics, Short, Sweet, and Silly",￥451.03,7,3,0
7ffebdd1d5148aef,Sister Dear,￥342.94,7,4,0
bd087cf6a846db75,"Sit, Stay, Love",￥178.30,7,3,0
d6d9ffea95f2f8bf,Art and Fear: Observations on the Perils (and Rewards) of Artmaking,￥414.86,9,4,0
ba047a636b7d3793,Team of Rivals: The Political Genius of Abraham Lincoln,￥171.64,7,5,0
8776181be110838a,Steal Like an Artist: 10 Things Nobody Told You About Being Creative,￥178.30,7,2,0
5fbd03b1ac0a0e69,The 7 Habits of Highly Effective People: Powerful Lessons in Personal Change,￥282.97,7,4,0
4b8fa561a1e52d1c,The Art Book,￥275.89,7,2,0
20789fb17b423c4c,The Bachelor Girl's Guide to Murder (Herringford and Watts Mysteries #1),￥446.17,7,5,0
24933c712f0bca2f,The Constant Princess (The Tudor Court #1),￥141.78,7,3,0
d250657f0ebc5d73,The Bourne Identity (Jason Bourne #1),￥364.95,7,4,0
31c56c4d0fe19340,Raymie Nightingale,￥293.55,7,2,0
47f4fd3e8e1dac05,The Glass Castle,￥138.54,7,1,0
68008abf6409dfde,Playing from the Heart,￥276.23,7,1,0
57f85720e54d6442,The Faith of Christopher Hitchens: The Restless Soul of the World's Most Notorious Atheist,￥337.40,7,1,0
f935412970c9f58f,The Good Girl,￥418.27,7,3,0
7a10353c9c54cf7c,The Drowning Girls,￥304.30,7,3,0
8486f61aa81a3daa,"Rich Dad, Poor Dad",￥441.39,7,1,0
a8dbf1c6b41b885a,The Great Gatsby,￥307.54,7,4,0
0345872b14f9e774,The Origin of Species,￥85.39,7,4,0
c00bc29a678a6efb,Good in Bed (Cannie Shapiro #1),￥316.07,7,5,0
b74ee891e2a6dd69,Leave This Song Behind: Teen Poetry at Its Best,￥436.53,7,5,0
68407606544d6f22,John Adams,￥489.93,7,4,0
746029796363aa51,Nightstruck: A Novel,￥429.53,7,4,0
4c82371b8cd02d4d,King's Folly (The Kinsman Chronicles #1),￥337.91,7,5,0
eff5710404e2ff78,How to Be a Domestic Goddess: Baking and the Art of Comfort Cooking,￥241.00,7,2,0
2a9fcb3382d351c8,How to Cook Everything Vegetarian: Simple Meatless Recipes for Great Food (How to Cook Everything),￥392.51,7,4,0
b6670507e85b30e6,Like Never Before (Walker Family #2),￥245.43,7,2,0
4781b6bfd6f7a2c5,"Chronicles, Vol. 1",￥448.73,7,2,0
725cd8d23d78cdca,Meternity,￥371.78,7,3,0
a322361a37a78d3d,Blue Like Jazz: Nonreligious Thoughts on Christian Spirituality,￥219.84,7,1,0
dac4b5847454fd9b,Memoirs of a Geisha,￥423.73,7,3,0
924438fc6cbec836,"Naturally Lean: 125 Nourishing Gluten-Free, Plant-Based Recipes--All Under 300 Calories",￥97.08,7,5,0
4807043b8218e9ce,Counted With the Stars (Out from Egypt #1),￥153.30,7,5,0
4fa75fc6829431ca,Every Heart a Doorway (Every Heart A Doorway #1),￥103.74,7,5,0
4e980425468708da,Delivering the Truth (Quaker Midwife Mystery #1),￥178.21,7,4,0
4e78f06160b717ac,Finding God in the Ruins: How God Redeems Pain,￥397.88,7,2,0
2e40333991f56f45,For the Love: Fighting for Grace in a World of Impossible Standards,￥385.00,7,3,0
de6d7645f192d517,"Fruits Basket, Vol. 7 (Fruits Basket #7)",￥166.95,7,1,0
e6635f5b0a2c78db,The Invention of Wings,￥318.54,6,1,0
5b546a46a86a9d8c,Benjamin Franklin: An American Life,￥411.10,7,3,0
d326e189b1210916,The Joy of Cooking,￥369.13,6,4,0
2efa5a839e62b1bd,The Makings of a Fatherless Child,￥269.41,6,2,0
60376aa71be66083,The Man Who Mistook His Wife for a Hat and Other Clinical Tales,￥507.16,6,4,0
fd364afd082f5446,The Perks of Being a Wallflower,￥469.37,6,3,0
2da5edf8b5776c9a,The Mysterious Affair at Styles (Hercule Poirot #1),￥211.57,6,4,0
774fa432bd7d9c47,The Rise and Fall of the Third Reich: A History of Nazi Germany,￥338.42,6,2,0
5ba3d703d1ae0c1d,The Sound Of Love,￥493.43,6,5,0
d1378a0ad06ff979,A Gathering of Shadows (Shades of Magic #2),￥382.27,7,4,0
3d250ab0f12be445,The Collected Poems of W.B. Yeats (The Collected Works of W.B. Yeats #1),￥131.55,6,5,0
2bc80eba94950873,The God Delusion,￥399.67,6,3,0
cb17945cb90b7837,The Fellowship of the Ring (The Lord of the Rings #1),￥87.61,6,2,0
eb7459e0c570251d,The Girl You Left Behind (The Girl You Left Behind #1),￥134.70,6,1,0
d33824cb93ecab6f,The Golden Compass (His Dark Materials #1),￥160.12,6,1,0
40cdcbb7692fd408,Life of Pi,￥112.78,7,4,0
48736df57e7bec9f,The Great Railway Bazaar,￥260.53,6,1,0
72b5355dda190b6a,The Hobbit (Middle-Earth Universe),￥151.85,6,5,0
cc1936a9f4e93477,A Summer In Europe,￥378.26,7,2,0
6c7fa6844380f50a,A Short History of Nearly Everything,￥447.02,7,5,0
6b52904b2ab91bf6,"At The Existentialist Café: Freedom, Being, and apricot cocktails with: Jean-Paul Sartre, Simone de Beauvoir, Albert Camus, Martin Heidegger, Edmund Husserl, Karl Jaspers, Maurice Merleau-Ponty and others",￥255.33,7,5,0
6478ccb4416e6a5d,The Barefoot Contessa Cookbook,￥511.17,6,5,0
f38f37ed934d84b2,Mere Christianity,￥413.83,6,3,0
2a1b3d967cda1da2,Tell the Wolves I'm Home,￥434.73,6,2,0
720c36b2bee4692e,Pride and Prejudice,￥164.39,6,4,0
8d8e9f9b8730eb25,Ship Leaves Harbor: Essays on Travel by a Recovering Journeyman,￥261.05,6,3,0
9e60929f521fa280,A Year in Provence (Provence #1),￥485.24,6,4,0
46cb43c2ab133ccc,An Unquiet Mind: A Memoir of Moods and Madness,￥181.71,6,3,0
f3c70d296ec796c4,Catherine the Great: Portrait of a Woman,￥499.48,6,4,0
faf841f81c52638b,Better Homes and Gardens New Cook Book,￥337.91,6,3,0
6e06d0f00f6da20f,"Death Note, Vol. 6: Give-and-Take (Death Note #6)",￥310.44,6,3,0
4e3b183180e2a992,Deception Point,￥343.97,6,4,0
97258f576d4bb672,"Fruits Basket, Vol. 6 (Fruits Basket #6)",￥178.81,6,4,0
6d235933670503d9,Musicophilia: Tales of Music and the Brain,￥397.37,6,1,0
56a34d0cec11d6b0,Fun Home: A Family Tragicomic,￥482.76,6,4,0
012170e4fc87ace0,Give It Back,￥156.29,6,2,0
384c7d41d5ffe9d1,"Girl, Interrupted",￥359.49,6,3,0
fe0f34ebed689381,In Cold Blood,￥426.37,6,4,0
6958de044cb28a84,In the Woods (Dublin Murder Squad #1),￥327.42,6,2,0
7a2b51f69e81c722,Me Before You (Me Before You #1),￥162.26,6,1,0
e792c0969cefe1b8,How to Stop Worrying and Start Living,￥396.60,6,5,0
93379e3a2072a01b,The Metamorphosis,￥243.81,5,1,0
fe7210553d56c097,The Expatriates,￥380.31,5,2,0
3661360c99719414,The Fault in Our Stars,￥402.83,5,1,0
a2a9f76339d21ab1,The False Prince (The Ascendance Trilogy #1),￥477.73,5,5,0
ad84f18659e6bfe2,The Firm,￥388.67,5,3,0
3213b1f13f5f0f7c,The Grand Design,￥117.39,5,3,0
c4589ee5977a47be,The Hiding Place,￥476.96,5,4,0
dfd9ff1f343cdaff,The Little Paris Bookshop,￥210.97,5,3,0
0d210d2448c3018f,The Mathews Men: Seven Brothers and the War Against Hitler's U-boats,￥366.06,5,5,0
f701fae56b645ef7,The Power Greens Cookbook: 140 Delicious Superfood Recipes,￥94.27,5,5,0
e0b3a679b83caccc,The Raven Boys (The Raven Cycle #1),￥492.57,5,4,0
2e4fc5eacceec12c,The Raven King (The Raven Cycle #4),￥260.79,5,2,0
abbb492978ff656d,The Secret Garden,￥128.65,5,4,0
3a7d54a264d9f33e,Two Summers,￥124.89,5,1,0
bc209a900101f28d,This Is Your Brain on Music: The Science of a Human Obsession,￥327.59,5,1,0
163d89116179c33f,What If?: Serious Scientific Answers to Absurd Hypothetical Questions,￥457.94,5,4,0
759ee7d059b1beb8,Why Save the Bankers?: And Other Essays on Our Economic and Political Crisis,￥415.20,5,2,0
60369d96b7b80869,Where She Went (If I Stay #2),￥355.99,5,4,0
e75f3ae1da1cc652,"Will Grayson, Will Grayson (Will Grayson, Will Grayson)",￥403.60,5,4,0
2e5b4ff08a75fd02,World Without End (The Pillars of the Earth #2),￥281.26,5,4,0
6036239d2ab349b7,Peak: Secrets from the New Science of Expertise,￥138.88,5,2,0
fec06f52054ea900,The Dream Thieves (The Raven Cycle #2),￥294.32,5,1,0
e958ae92f328c181,Red Dragon (Hannibal Lecter #1),￥199.37,5,3,0
8dde2ff3f6fcc0a3,Killing Floor (Jack Reacher #1),￥268.64,5,4,0
07e6810fd3236bda,Last One Home (New Beginnings #1),￥511.68,5,3,0
7093cf549cd2e7de,Logan Kade (Fallen Crest High #5.5),￥111.93,5,2,0
12a90b90283b2e6d,Mexican Today: New and Rediscovered Recipes for Contemporary Kitchens,￥212.50,5,5,0
44f545727e704187,Kill the Boy Band,￥132.40,5,5,0
81c68492ccd72941,Maybe Something Beautiful: How Art Transformed a Neighborhood,￥192.29,5,1,0
5e1a88d248599768,Lola and the Boy Next Door (Anna and the French Kiss #2),￥201.59,5,4,0
a4ce39a3720cd679,My Mother Was Nuts,￥269.83,5,4,0
2973d38c2fbd7a5c,Remember Me?,￥97.93,5,3,0
1dba84766a5e87b8,Talking to Girls About Duran Duran: One Young Man's Quest for True Love and a Cooler Haircut,￥214.55,5,4,0
59a8ae019b64f2a7,Shiver (The Wolves of Mercy Falls #1),￥138.46,5,5,0
84bb29c53592ac40,Siddhartha,￥291.93,5,5,0
84126312e2431a09,Tell the Wind and Fire,￥388.24,5,3,0
b716233fcb6877e6,The 5th Wave (The 5th Wave #1),￥100.92,5,2,0
50d5a7b861ed1c54,Tell Me Three Things,￥356.68,5,1,0
b228042c088b1913,The Crossover,￥330.74,5,4,0
c4182bdb53e2459a,The Darkest Corners,￥96.66,5,5,0
45045146dbf7b009,Isla and the Happily Ever After (Anna and the French Kiss #3),￥410.59,5,5,0
add33db6ff80db24,America's War for the Greater Middle East: A Military History,￥436.95,5,2,0
f36d24c309e87e5b,An Abundance of Katherines,￥85.31,5,5,0
612369a5947a012e,Approval Junkie: Adventures in Caring Too Much,￥501.70,5,5,0
b54d7416bb445989,Booked,￥149.21,5,5,0
ad5e078beceaeb4a,"Blue Lily, Lily Blue (The Raven Cycle #3)",￥291.16,5,5,0
bcf567421c581f0a,"Data, A Love Story: How I Gamed Online Dating to Meet My Match",￥275.97,5,3,0
429b4a811bef386c,Critique of Pure Reason,￥177.02,5,1,0
1c0a38899c82b60a,"Death Note, Vol. 5: Whiteout (Death Note #5)",￥447.10,5,1,0
94bb629a3f6dd00b,Digital Fortress,￥494.79,5,5,0
e46b1074b99ac4b6,Dracula the Un-Dead,￥303.96,5,5,0
d5ad4c92d8bf26c9,Drama,￥330.15,5,2,0
75cc85cdbe9ad46b,Evicted: Poverty and Profit in the American City,￥360.60,5,1,0
b28c7d07afa7063b,Find Her (Detective D.D. Warren #8),￥190.84,5,1,0
3fc124f59f3068e4,Foundation (Foundation (Publication Order) #1),￥276.57,5,1,0
3fd83dcf37bf1bc0,"Fruits Basket, Vol. 5 (Fruits Basket #5)",￥139.31,5,1,0
d219d4e325e6f204,I Know Why the Caged Bird Sings (Maya Angelou's Autobiography #1),￥311.80,5,2,0
6c49258724f11770,Harry Potter and the Deathly Hallows (Harry Potter #7),￥198.94,5,1,0
7284d85428305f5a,If I Stay (If I Stay #1),￥325.28,5,5,0
d9290e99f189ce84,Alight (The Generations Trilogy #2),￥499.83,5,4,0
630e766f0a1987dd,Fool Me Once,￥144.68,5,1,0
a8f4577a48023344,Vogue Colors A to Z: A Fashion Coloring Book,￥446.59,4,4,0
d4de23aa98acc65b,The Shining (The Shining #1),￥237.84,4,3,0
89a89e76f3516357,A Clash of Kings (A Song of Ice and Fire #2),￥92.05,5,3,0
31f5bbf4974d29c9,Some Women,￥117.13,4,5,0
8930013d06942df1,The Beast (Black Dagger Brotherhood #14),￥393.10,4,5,0
9c4d061c1e2fe6bf,The Bone Hunters (Lexy Vaughan & Steven Macaulay #2),￥509.38,4,3,0
df53c2948b32bde3,"The Demon Prince of Momochi House, Vol. 4 (The Demon Prince of Momochi House #4)",￥237.84,4,2,0
ff2dffba388d9922,The Demonists (Demonist #1),￥444.55,4,2,0
6d2f70d9424f41a1,The Hunger Games (The Hunger Games #1),￥254.65,4,5,0
6587f46697fc4443,The Hound of the Baskervilles (Sherlock Holmes #5),￥126.43,4,2,0
45033bdf3d9ed158,The Gunning of America: Business and the Making of American Gun Culture,￥143.40,4,4,0
c65ee14957c0fa5c,The Geography of Bliss: One Grump's Search for the Happiest Places in the World,￥240.83,4,2,0
6a57286a8890d8c5,The Jazz of Physics: The Secret Link Between Music and the Structure of the Universe,￥330.23,4,3,0
011674f4a3834b8d,The Passion of Dolssa,￥241.60,4,5,0
9cc207168a03470d,The Perfect Play (Play by Play #1),￥511.77,4,3,0
6053ddf69c967d5f,The Pilgrim's Progress,￥428.76,4,2,0
f2c8f4b4c94d5c5c,A Feast for Crows (A Song of Ice and Fire #4),￥146.82,5,4,0
03cbb67c0f990d87,A Game of Thrones (A Song of Ice and Fire #1),￥396.00,5,2,0
cf3b86489890b9f2,A Girl's Guide to Moving On (New Beginnings #2),￥267.02,5,1,0
8fff1084aa085a13,"Fruits Basket, Vol. 4 (Fruits Basket #4)",￥430.30,4,4,0
38199c5d7da0c0ef,Shopaholic Ties the Knot (Shopaholic #3),￥412.81,4,5,0
5eff05e59f905a49,Girl With a Pearl Earring,￥228.37,4,1,0
23310ce84d3c9f85,Gone with the Wind,￥277.17,4,3,0
ddbc5530d2939d49,God Is Not Great: How Religion Poisons Everything,￥237.16,4,1,0
c7c4f55b7321cba7,Harry Potter and the Chamber of Secrets (Harry Potter #2),￥125.75,4,1,0
73f4f87dd936ee5c,Harry Potter and the Half-Blood Prince (Harry Potter #6),￥415.88,4,5,0
5a6b7155f2797537,Harry Potter and the Order of the Phoenix (Harry Potter #5),￥269.83,4,4,0
eff24325e0ede639,Harry Potter and the Prisoner of Azkaban (Harry Potter #3),￥206.19,4,4,0
ac337893a9fe0085,Harry Potter and the Sorcerer's Stone (Harry Potter #1),￥118.58,4,3,0
deda806b68b0aa11,Little Women (Little Women #1),￥239.46,4,4,0
670a2773607d785d,It,￥213.36,4,3,0
5212c6acea3359e5,Mockingjay (The Hunger Games #3),￥174.37,4,4,0
81d4191030b9704b,Misery,￥296.79,4,2,0
70b585c9d0f15725,Needful Things,￥405.30,4,4,0
869d20b3b8128230,Night Shift (Night Shift #1-20),￥108.77,4,4,0
3a95f5a2df4ff921,No One Here Gets Out Alive,￥170.79,4,5,0
2ba5ccc84d35006c,"Orchestra of Exiles: The Story of Bronislaw Huberman, the Israel Philharmonic, and the One Thousand Jews He Saved from Nazi Horrors",￥105.44,4,3,0
5de4baa88061a77a,Outlander (Outlander #1),￥167.80,4,5,0
ae884ac655d6ee3e,Paper and Fire (The Great Library #2),￥421.85,4,5,0
ad15a9a139919918,Far From True (Promise Falls Trilogy #2),￥297.98,4,2,0
be3db344a845580b,We Are All Completely Beside Ourselves,￥205.08,3,1,0
06bab964fd536971,We the People: The Modern-Day Figures Who Have Reshaped and Affirmed the Founding Fathers' Vision of America,￥272.56,3,3,0
dab0196cd5fc8e5e,When You Are Engulfed in Flames,￥263.52,3,5,0
5d55202da0252627,World War Z: An Oral History of the Zombie War,￥185.97,3,1,0
d30b9215c72cca87,Wild: From Lost to Found on the Pacific Crest Trail,￥392.59,3,3,0
5a7ff9aaa3168878,Wuthering Heights,￥151.25,3,3,0
634b7165c96ebb9f,Zero History (Blue Ant #3),￥296.62,3,1,0
07bb35158d9dd3d2,"Where'd You Go, Bernadette",￥154.67,3,1,0
6e9403f00acd6752,'Salem's Lot,￥422.79,4,4,0
d12ca4020c2f602e,"A History of God: The 4,000-Year Quest of Judaism, Christianity, and Islam",￥235.62,4,1,0
f6ae39568db1130e,A New Earth: Awakening to Your Life's Purpose,￥474.74,4,5,0
1451b55e5e56bb89,Animal Farm,￥488.14,4,3,0
aead11697d14ea36,A Walk to Remember,￥481.40,4,1,0
0812f54c93d726ce,Can You Keep a Secret?,￥187.17,4,1,0
78a4ac98191ac675,Atlas Shrugged,￥226.75,4,5,0
2798974abc8a58a8,Candide,￥500.17,4,3,0
a2dc754afb69bb32,Confessions of a Shopaholic (Shopaholic #1),￥417.50,4,2,0
aaebac5fda798b1b,Changing the Game (Play by Play #2),￥114.14,4,3,0
2b69d289279aabfd,Dark Lover (Black Dagger Brotherhood #1),￥109.79,4,1,0
742702d662a71410,The Smitten Kitchen Cookbook,￥201.24,3,1,0
49f24193f0b961e6,The Stand,￥493.60,3,2,0
3d15714d4d3d15dd,The Thing About Jellyfish,￥416.05,3,1,0
2b685187f55c5d31,The Travelers,￥134.53,3,1,0
224fa77d4b248046,The Tipping Point: How Little Things Can Make a Big Difference,￥85.48,3,2,0
75fed6a47f69859d,The Wild Robot,￥478.33,3,3,0
813cff2aefa5d1f0,The Undomestic Goddess,￥390.29,3,4,0
a33ed2e6068df53e,"The Wicked + The Divine, Vol. 3: Commercial Suicide (The Wicked + The Divine)",￥122.93,3,3,0
719d72f3ee512dc6,"Thinking, Fast and Slow",￥180.34,3,1,0
57f755143ee96fd4,Three-Martini Lunch,￥198.00,3,3,0
8ebad30219b8679c,Twenties Girl,￥365.12,3,2,0
61bc8167c9680283,Two Boys Kissing,￥279.30,3,2,0
b830685072fa871f,"Unstuffed: Decluttering Your Home, Mind, and Soul",￥495.56,3,1,0
599a4f98bb193368,Under the Banner of Heaven: A Story of Violent Faith,￥255.93,3,1,0
2173a2ce35f6ace1,"Trespassing Across America: One Man's Epic, Never-Done-Before (and Sort of Illegal) Hike Across the Heartland",￥456.49,3,1,0
b53078de0147f6bf,Twilight (Twilight #1),￥357.70,3,2,0
4672d10b9b1e7a05,Vegan Vegetarian Omnivore: Dinner for Everyone at the Table,￥116.53,3,2,0
52aa3d79b1cee455,Very Good Lives: The Fringe Benefits of Failure and the Importance of Imagination,￥432.18,3,3,0
4266f48a0aa1c37d,The Maze Runner (The Maze Runner #1),￥178.55,3,1,0
7feac4000cbc5859,Voyager (Outlander #3),￥179.75,3,5,0
cf2f27fdf94ba20e,The Lonely Ones,￥371.86,3,5,0
6263c1d2997b8ce0,The Nanny Diaries (Nanny #1),￥448.13,3,5,0
36c15687f5ab0f7c,The Lover's Dictionary,￥495.56,3,2,0
3e42ac0f4d43320f,The New Guy (and Other Senior Year Distractions),￥383.21,3,3,0
29d6d87f3418638b,The Nightingale,￥224.02,3,4,0
fa26798728f5208f,The Paris Wife,￥313.94,3,3,0
3c456328b04a8ee8,The Red Tent,￥304.21,3,5,0
ee441c8e027caa66,The Obsession,￥387.56,3,1,0
969f6c7e86554814,The Purest Hook (Second Circle Tattoos #3),￥104.50,3,1,0
0e7beedf0ee9380c,The Purpose Driven Life: What on Earth Am I Here for?,￥317.26,3,3,0
0baf71623648413a,The Name of God is Mercy,￥317.78,3,2,0
e2d47e82c50d41d9,The Rest Is Noise: Listening to the Twentieth Century,￥296.62,3,1,0
0e92ccf1bd39e68f,The Restaurant at the End of the Universe (Hitchhiker's Guide to the Galaxy #2),￥93.16,3,1,0
1a5044d233936b1a,The Rise of Theodore Roosevelt (Theodore Roosevelt #1),￥363.16,3,3,0
b9f6305a3d650e2c,The Picture of Dorian Gray,￥253.37,3,2,0
322a9e34d87f54b1,The Rose & the Dagger (The Wrath and the Dawn #2),￥500.25,3,4,0
91eb9605998a7c03,"The Sandman, Vol. 3: Dream Country (The Sandman (volumes) #3)",￥473.89,3,5,0
0e4e2d31c2fb3aad,Walk the Edge (Thunder Road #2),￥276.06,3,3,0
b22362b434e8ee62,The Day the Crayons Came Home (Crayons),￥224.62,3,5,0
366a236aa1ea6f07,The Road to Little Dribbling: Adventures of an American in Britain (Notes From a Small Island #2),￥198.00,3,1,0
f51062bf579507d9,The Demon-Haunted World: Science as a Candle in the Dark,￥445.74,3,4,0
a6ab0cb7106a67f2,The Devil Wears Prada (The Devil Wears Prada #1),￥377.83,3,1,0
c6bf14cb901c63ac,"The Elegant Universe: Superstrings, Hidden Dimensions, and the Quest for the Ultimate Theory",￥111.16,3,4,0
8f5d16a5a9bd58b2,The Girl Who Kicked the Hornet's Nest (Millennium Trilogy #3),￥490.36,3,1,0
b3f2bc2cefb35f05,"The End of Faith: Religion, Terror, and the Future of Reason",￥188.79,3,4,0
dd003e904727281a,The Exiled,￥370.67,3,3,0
bfa9cb304075d3e8,The Girl Who Played with Fire (Millennium Trilogy #2),￥188.87,3,2,0
63c0826ef59eae66,"The Disappearing Spoon: And Other True Tales of Madness, Love, and the History of the World from the Periodic Table of the Elements",￥489.25,3,5,0
92dcc54a27107a37,The Girl with All the Gifts,￥422.02,3,3,0
e2dac1f4739e0bd5,The Giver (The Giver Quartet #1),￥104.93,3,1,0
f06039c29b5891fa,The Silkworm (Cormoran Strike #2),￥196.64,3,5,0
c88422d8959260ab,The Goldfinch,￥371.78,3,3,0
4a0a276409968a73,The Guernsey Literary and Potato Peel Pie Society,￥422.54,3,1,0
b5da59dd177eb36b,The Guns of August,￥124.04,3,2,0
35e69a79d2b1e804,"The Land of 10,000 Madonnas",￥252.86,3,4,0
554e9e2d532b3a87,The Infinities,￥233.83,3,1,0
ff6bb30dd0c482a6,The Husband's Secret,￥447.96,3,5,0
70c7c3ca7f9b2728,The Lean Startup: How Today's Entrepreneurs Use Continuous Innovation to Create Radically Successful Businesses,￥289.37,3,3,0
476c7972e9b41891,The Last Painting of Sara de Vos,￥473.89,3,2,0
dabf11918b48b40c,The Da Vinci Code (Robert Langdon #2),￥195.87,3,2,0
f08667e4c0458f37,Spilled Milk: Based on a True Story,￥422.36,3,1,0
61002f3b7ba5d780,"Surely You're Joking, Mr. Feynman!: Adventures of a Curious Character",￥220.35,3,2,0
a11ae5f07572ef49,Stiff: The Curious Lives of Human Cadavers,￥313.43,3,3,0
a8b0ea6490bc818f,The Hitchhiker's Guide to the Galaxy (Hitchhiker's Guide to the Galaxy #1),￥407.78,3,3,0
c57d3c96af23c297,Shopaholic & Baby (Shopaholic #5),￥396.26,3,2,0
2858ac90c4758e1f,The Art of Fielding,￥188.53,3,1,0
3fc9d51d1c4d6ba7,Something Blue (Darcy & Rachel #2),￥465.96,3,1,0
feaaae90514eb2ac,Soldier (Talon #3),￥210.88,3,2,0
311634df10651e05,"The Art of Simple Food: Notes, Lessons, and Recipes from a Delicious Revolution",￥292.78,3,3,0
ac27ab4bcd9c492e,Something Borrowed (Darcy & Rachel #1),￥417.67,3,5,0
b04a6a0db525857d,The Autobiography of Malcolm X,￥199.88,3,2,0
cd3dcd83bb002e78,The Blind Side: Evolution of a Game,￥458.19,3,5,0
a75e274c8814b539,The Book Thief,￥456.32,3,2,0
08decd9664e5d56e,The Book of Basketball: The NBA According to The Sports Guy,￥382.53,3,5,0
487449f4f6322f0f,The Catcher in the Rye,￥209.43,3,1,0
970bd3316219e7dc,The Case for Christ (Cases for Christianity),￥408.12,3,1,0
23707d3ddf14a999,The Complete Poems,￥352.50,3,5,0
b7f475238ed50429,The Cat in the Hat (Beginner Books B-1),￥138.71,3,2,0
07806456878931bc,Seven Days in the Art World,￥446.42,3,2,0
1be6d3b121865edb,The Cuckoo's Calling (Cormoran Strike #1),￥163.88,3,1,0
3c565df219ba3274,Quiet: The Power of Introverts in a World That Can't Stop Talking,￥371.52,3,1,0
2ef5dc7e278e562a,Ready Player One,￥162.68,3,4,0
cad70d6ffd53912f,The Complete Stories and Poems (The Works of Edgar Allan Poe [Cameo Edition]),￥228.46,3,4,0
4c8ece50736f9e88,Red: The True Story of Red Riding Hood,￥243.47,3,3,0
ecdf73ee66c33b17,Reservations for Two,￥94.69,3,3,0
3250650a5c4e6f07,One for the Money (Stephanie Plum #1),￥280.41,3,2,0
8378c899988905ee,Orange Is the New Black,￥209.95,3,2,0
09a7b0b566ad6225,Outliers: The Story of Success,￥120.80,3,1,0
c59283b05905c853,Original Fake,￥268.30,3,3,0
8e2dfd6bcf48e1e6,Packing for Mars: The Curious Science of Life in the Void,￥483.53,3,2,0
cb62418129b864a3,Persepolis: The Story of a Childhood (Persepolis #1-2),￥333.81,3,1,0
89cad3f37c9ce226,"Rise of the Rocket Girls: The Women Who Propelled Us, from Missiles to the Moon to Mars",￥355.48,3,4,0
8e9dd8431170c09e,Rework,￥382.87,3,2,0
9707989a439757b4,Prodigy: The Graphic Novel (Legend: The Graphic Novel #2),￥372.20,3,3,0
7b870bf85d01c2dc,"Saga, Volume 3 (Saga (Collected Editions) #3)",￥184.01,3,5,0
b4f5672f68ec3a83,Rogue Lawyer (Rogue Lawyer #1),￥427.48,3,3,0
281a244ce1954711,Seven Brief Lessons on Physics,￥261.05,3,4,0
cb65e49993db9a93,Notes from a Small Island (Notes From a Small Island #1),￥342.69,3,1,0
510832818edb6fbc,Scarlet (The Lunar Chronicles #2),￥124.30,3,4,0
16e843e6b853cc2f,Lady Renegades (Rebel Belle #3),￥452.48,3,5,0
5b2cd5b31a510848,Sarah's Key,￥394.90,3,1,0
190fbebbf798c31a,"Lamb: The Gospel According to Biff, Christ's Childhood Pal",￥473.46,3,5,0
28921443f052bea6,Running with Scissors,￥110.13,3,4,0
0ce8075fab4a2b5b,Legend (Legend #1),￥372.72,3,4,0
1246e4ffeb5ac4ea,Let's Pretend This Never Happened: A Mostly True Memoir,￥384.83,3,1,0
d5e1a9bfe22bbf9f,"Lean In: Women, Work, and the Will to Lead",￥213.44,3,1,0
1de75f05d57bfc10,Letter to a Christian Nation,￥189.39,3,1,0
4ec53ff7e2263f32,Life After Life,￥222.91,3,2,0
4b3f4f151c99f472,"Life, the Universe and Everything (Hitchhiker's Guide to the Galaxy #3)",￥283.74,3,2,0
4ef75307fb64e2ad,Lila (Gilead #3),￥106.38,3,3,0
0dcadb06206abd3c,Lust & Wonder,￥101.26,3,2,0
c53d9fefcda371e9,Life Without a Recipe,￥503.66,3,5,0
abc4a7ee16c21088,Me Talk Pretty One Day,￥491.38,3,2,0
546da23278482b0a,Manuscript Found in Accra,￥298.41,3,2,0
e9056f9b5a40a301,Midnight Riot (Peter Grant/ Rivers of London - books #1),￥473.12,3,2,0
7ce5a92baabb6bc0,Morning Star (Red Rising #3),￥250.81,3,1,0
54aeeb4610d3ae08,Naked,￥270.34,3,3,0
747cf7fca2ccdbd4,Neither Here nor There: Travels in Europe,￥332.28,3,3,0
7980fa06f2b704d8,"Miracles from Heaven: A Little Girl, Her Journey to Heaven, and Her Amazing Story of Healing",￥493.34,3,1,0
c4d9fce9eff3b8ba,Night (The Night Trilogy #1),￥115.25,3,1,0
4f6985aca357ae09,"Grayson, Vol 3: Nemesis (Grayson #3)",￥364.44,3,1,0
a0dd11f6abc421ec,Jurassic Park (Jurassic Park #1),￥383.63,3,1,0
d5c588b6f9c015e4,Gone Girl,￥320.76,3,5,0
c300cc9326592b65,Gratitude,￥227.43,3,5,0
984b3b6e7479b571,Golden (Heart of Dread #3),￥360.09,3,4,0
b003f8bb02f76dc5,Heir to the Sky,￥375.96,3,4,0
621e2c310cec8d32,Green Eggs and Ham (Beginner Books B-16),￥92.05,3,4,0
0cb4856be3694a57,Holidays on Ice,￥435.67,3,2,0
557c03c284be1bf2,House of Leaves,￥468.26,3,1,0
1812b8f5641287e3,"House of Lost Worlds: Dinosaurs, Dynasties, and the Story of Life on Earth",￥372.80,3,2,0
cc1ac978a6835ef6,Horrible Bear!,￥320.08,3,2,0
6b32b561dab8036c,I've Got Your Number,￥167.97,3,1,0
6c4d17a46cac8787,Hungry Girl Clean & Hungry: Easy All-Natural Recipes for Healthy Eating in the Real World,￥282.71,3,3,0
8010c7c148057fd3,I Am Malala: The Girl Who Stood Up for Education and Was Shot by the Taliban,￥246.37,3,2,0
61569d12d4ae7161,If I Run (If I Run #1),￥426.29,3,4,0
d8292cd5f1aca291,"In the Garden of Beasts: Love, Terror, and an American Family in Hitler's Berlin",￥246.12,3,3,0
a7c3f1010d64799a,Into the Wild,￥483.70,3,5,0
41fc5dce044f16f5,Girl in the Blue Coat,￥399.50,3,2,0
034829ffdd0a0aea,Is Everyone Hanging Out Without Me? (And Other Concerns),￥171.56,3,3,0
d4a29356fc992879,It's Never Too Late to Begin Again: Discovering Creativity and Meaning at Midlife and Beyond,￥361.54,3,1,0
ed813a848580ba50,Fifty Shades Freed (Fifty Shades #3),￥131.03,3,5,0
147019cae600694e,Fellside,￥329.46,3,1,0
6c4646d90b60a56c,Inferno (Robert Langdon #4),￥349.77,3,5,0
c9782ad2a0ed9331,Crazy Rich Asians (Crazy Rich Asians #1),￥419.12,3,5,0
157f693d9e600ccc,Counting Thyme,￥90.60,3,1,0
66937c669c4da072,Dark Places,￥203.89,3,5,0
468bd274ac084bb9,Darkfever (Fever #1),￥477.90,3,1,0
81372abc86f65c79,Disrupted: My Misadventure in the Start-Up Bubble,￥130.35,3,5,0
d234ddecef49ef4e,"David and Goliath: Underdogs, Misfits, and the Art of Battling Giants",￥151.94,3,1,0
dbe33cf29ef1623d,Cosmos,￥308.56,3,2,0
04d858cdeeee0da4,Dead Wake: The Last Crossing of the Lusitania,￥334.75,3,5,0
a7ec599c1a547746,Dracula,￥448.90,3,3,0
98330e431e56a9ea,Do Androids Dream of Electric Sheep? (Blade Runner #1),￥439.17,3,1,0
36d5884d44484277,Dune (Dune #1),￥468.01,3,1,0
73f71f9556442117,Eclipse (Twilight #3),￥159.87,3,1,0
b843f52a986a2914,Eragon (The Inheritance Cycle #1),￥374.25,3,3,0
2ed3a794a70aa85f,Fire Bound (Sea Haven/Sisters of the Heart #5),￥181.54,3,4,0
588ba85ff11a3263,Extreme Prey (Lucas Davenport #26),￥216.68,3,3,0
d5f5a122a593b580,"Fruits Basket, Vol. 3 (Fruits Basket #3)",￥385.34,3,2,0
396385e3de5d18c3,Civilization and Its Discontents,￥511.43,3,2,0
da0349a87c8caa2f,Are We Smart Enough to Know How Smart Animals Are?,￥482.68,3,1,0
ef9c4f2465513956,Are We There Yet?,￥90.94,3,3,0
5d22e2a46604b6e7,Ash,￥188.19,3,4,0
3fb69f34e178d494,Beowulf,￥327.16,3,2,0
1d89a2aa9f6ce50f,Awkward,￥324.34,3,2,0
15f415d436888b2d,"Black Butler, Vol. 1 (Black Butler #1)",￥420.66,3,1,0
67dea6c75d6a1075,Best of My Love (Fool's Gold #20),￥233.83,3,2,0
5439bae708bca198,Beautiful Creatures (Caster Chronicles #1),￥183.84,3,5,0
155e42df837ee5ff,Between Shades of Gray,￥177.36,3,5,0
d3f9c4539c0caa64,Big Little Lies,￥188.62,3,1,0
a9aa3ed5b316470b,"Friday Night Lights: A Town, a Team, and a Dream",￥436.95,3,3,0
bbfc4a3b7b6c94a0,Breaking Dawn (Twilight #4),￥300.97,3,5,0
0bbc48294707ba96,Blink: The Power of Thinking Without Thinking,￥185.46,3,5,0
e256de8aa0c2115f,"Born to Run: A Hidden Tribe, Superathletes, and the Greatest Race the World Has Never Seen",￥233.32,3,2,0
860318b8e244f39c,Black Flags: The Rise of ISIS,￥348.66,3,1,0
8e0bc2fe4e7d35b5,Boy Meets Boy,￥180.17,3,3,0
fd2337c1b73b686e,Brave Enough,￥437.81,3,5,0
ef49db2aaa9bb547,Catastrophic Happiness: Finding Joy in Childhood's Messy Years,￥318.63,3,2,0
b461cf238506c5b8,Career of Evil (Cormoran Strike #3),￥210.88,3,2,0
637e5a45062aa548,Life,￥269.41,2,5,0
9189fd009df41d0e,"Saga, Volume 2 (Saga (Collected Editions) #2)",￥100.24,2,3,0
6fa3ea52c8e31e06,New Moon (Twilight #2),￥109.71,2,4,0
fb495f9f9015a772,Kindle Paperwhite User's Guide,￥290.05,2,3,0
97b8f130d32e9f4e,Girl Online On Tour (Girl Online #2),￥456.15,2,1,0
b0e479be03911916,"Run, Spot, Run: The Ethics of Keeping Pets",￥170.79,2,1,0
ce42e3de94226b2b,Sugar Rush (Offensive Line #2),￥208.32,2,1,0
4130678275eb7c8c,The Sense of an Ending,￥267.70,2,3,0
165affa7adb5eded,#GIRLBOSS,￥434.73,3,1,0
d2185b65af52d68c,"The Suffragettes (Little Black Classics, #96)",￥101.43,2,2,0
f3c76b53b239f511,The Course of Love,￥143.15,2,3,0
276dc716b1da8899,"The Sandman, Vol. 2: The Doll's House (The Sandman (volumes) #2)",￥467.58,2,1,0
87beabf664115d79,A Storm of Swords (A Song of Ice and Fire #3),￥266.33,3,2,0
c9770bb1d5a492a0,A Heartbreaking Work of Staggering Genius,￥463.14,3,5,0
7bf87402413c27ff,Annie on My Mind,￥314.19,3,5,0
bcee4f289ff6699c,A Walk in the Woods: Rediscovering America on the Appalachian Trail,￥260.02,3,4,0
cfe350b20d23b02b,And Then There Were None,￥298.67,3,2,0
5dbd6ec4e154ad2f,A Visit from the Goon Squad,￥120.12,3,5,0
b6d3f4f4ee1f6069,H is for Hawk,￥489.84,2,5,0
7e9579921e5407cb,Cinder (The Lunar Chronicles #1),￥222.57,3,1,0
c0db71f6bb14db11,"Fruits Basket, Vol. 2 (Fruits Basket #2)",￥99.30,2,5,0
9e9932ae1a7d0943,The Silent Twin (Detective Jennifer Knight #3),￥309.25,1,3,0
6f2c0a9adbb2bca9,The Selfish Gene,￥251.24,1,1,0
32d035df92ab9080,The Story of Hong Gildong,￥368.45,1,4,0
b78deb463531d078,The Silent Wife,￥105.27,1,5,0
6514add13c82b115,The Tumor,￥354.54,1,5,0
dac9d1e654fac737,"The Wicked + The Divine, Vol. 1: The Faust Act (The Wicked + The Divine)",￥311.55,1,2,0
f5873c8fc7760000,8 Keys to Mental Health Through Exercise,￥264.80,3,1,0
9c96cd1329fbd82d,The Zombie Room,￥167.97,1,5,0
460f97a346b44bac,Three Wishes (River of Time: California #1),￥376.90,1,2,0
0268f149d014b389,Travels with Charley: In Search of America,￥493.26,1,5,0
d6d98d3508c30f57,This One Moment (Pushing Limits #1),￥415.54,1,1,0
dab5e75d1339706a,Vampire Girl (Vampire Girl #1),￥459.13,1,2,0
e7e87087b1a44711,"Vampire Knight, Vol. 1 (Vampire Knight #1)",￥131.38,1,1,0
e63c3f25338baf9a,Twenty Love Poems and a Song of Despair,￥264.03,1,4,0
66a4e422b212726a,Ways of Seeing,￥337.06,1,5,0
c5f91eb481427dc5,When I'm Gone,￥443.27,1,3,0
def389ddfda6991b,Where Lightning Strikes (Bleeding Stars #3),￥339.27,1,3,0
38f776ab9118aed7,The Secret Healer,￥294.83,1,3,0
8ceb5c6aed2c5f8b,While You Were Mine,￥352.50,1,5,0
d7b463918d3b8c39,Diary of a Minecraft Zombie Book 1: A Scare of a Dare (An Unofficial Minecraft Book),￥451.11,2,4,0
09d26b5f819c6a36,"Y: The Last Man, Vol. 1: Unmanned (Y: The Last Man #1)",￥157.91,1,4,0
ee61197edb882599,The Girl In The Ice (DCI Erika Foster #1),￥135.21,1,3,0
4280ac3eab57aa5d,The Girl You Lost,￥104.84,1,5,0
29fc016c459aeb14,The Edge of Reason (Bridget Jones #2),￥163.62,1,4,0
3301af038a720587,The Complete Maus (Maus #1-2),￥90.77,1,3,0
09659d1639a1f978,The End of the Jesus Era (An Investigation #1),￥122.84,1,1,0
18b4545a5ed15581,The Communist Manifesto,￥125.92,1,3,0
fff8a057a40c4a60,The Haters,￥237.93,1,5,0
6e473eff459e809f,The Hook Up (Game On #1),￥309.59,1,5,0
86d8bd7afa5b51b3,The Iliad,￥137.86,1,1,0
16c71736dae78764,The Last Girl (The Dominion Trilogy #1),￥309.33,1,2,0
c40b70e0f6d80189,The Mirror & the Maze (The Wrath and the Dawn #1.5),￥250.64,1,1,0
1aeca7d078d57deb,The Little Prince,￥387.47,1,2,0
04e43893e32f9d29,The Light of the Fireflies,￥464.34,1,1,0
5c10b64db3e4f228,The Nicomachean Ethics,￥310.01,1,1,0
f3a0b8c835129558,The Bhagavad Gita,￥490.44,1,3,0
f0512adadffd2480,The Odyssey,￥252.86,1,3,0
b0913e67d38d5ed5,The No. 1 Ladies' Detective Agency (No. 1 Ladies' Detective Agency #1),￥492.23,1,4,0
7ea31f38675b91c1,One Second (Seven #7),￥451.63,1,2,0
8932e5c12f12ffed,Origins (Alphas 0.5),￥247.31,1,1,0
326825e02a198cf6,"Ouran High School Host Club, Vol. 1 (Ouran High School Host Club #1)",￥254.82,1,3,0
bcbcbcf0f6ed196f,"Paper Girls, Vol. 1 (Paper Girls #1-5)",￥185.21,1,4,0
849db7ab7f4a640c,Paradise Lost (Paradise #1),￥212.93,1,1,0
3cdca3b4a93980f5,"Rat Queens, Vol. 1: Sass & Sorcery (Rat Queens (Collected Editions) #1-5)",￥400.61,1,5,0
4f64568dfefa3ce7,"Saga, Volume 1 (Saga (Collected Editions) #1)",￥242.96,1,1,0
35e44170702139a4,Sense and Sensibility,￥319.57,1,1,0
9efb397067eb7e8a,"Rhythm, Chord & Malykhin",￥241.77,1,2,0
132adf7335bb384a,Settling the Score (The Summer Games #1),￥383.12,1,2,0
c068c013d6921fea,Shameless,￥497.78,1,3,0
9ed7090d8fa690b0,Shatter Me (Shatter Me #1),￥361.71,1,1,0
3a9a7c5895e82646,Sister Sable (The Mad Queen #1),￥113.72,1,3,0
2ac720f76384c57e,"Skip Beat!, Vol. 01 (Skip Beat! #1)",￥359.32,1,3,0
5bc1fbccfbf2355c,The Art of Not Breathing,￥348.32,1,4,0
229cd6564bf0dce4,Shadow Rites (Jane Yellowrock #10),￥185.29,1,4,0
a7eef9d6795422c1,Taking Shots (Assassins #1),￥161.06,1,2,0
c8614adb1a90b027,The Name of the Wind (The Kingkiller Chronicle #1),￥431.58,1,3,0
e25164e5b3fe208b,Starlark,￥220.35,1,3,0
6fe02600f322a0a9,"Hawkeye, Vol. 1: My Life as a Weapon (Hawkeye #1)",￥385.94,1,3,0
6717a70913b3db79,Having the Barbarian's Baby (Ice Planet Barbarians #7.5),￥298.24,1,4,0
3455b45888fb5053,Icing (Aces Hockey #2),￥344.99,1,4,0
eb0fe24bbc845ecc,"Giant Days, Vol. 1 (Giant Days #1-4)",￥484.21,1,4,0
72e6fbf4f6382557,"Fruits Basket, Vol. 1 (Fruits Basket #1)",￥343.62,1,5,0
8d390a1fc3133d06,Jane Eyre,￥327.84,1,5,0
f28f7299d38c0932,Imperfect Harmony,￥296.36,1,4,0
06f6a57a6d532844,Kitchens of the Great Midwest,￥487.97,1,5,0
35a60467893aa168,"Ms. Marvel, Vol. 1: No Normal (Ms. Marvel (2014-2015) #1)",￥336.03,1,4,0
1053fb7ee17a1f33,Matilda,￥241.77,1,1,0
4f19709e47883df5,Meditations,￥220.87,1,2,0
d510567580c8be52,Lost Among the Living,￥236.31,1,4,0
6e712ea24e77bd96,Listen to Me (Fusion #1),￥503.24,1,3,0
63e20a0f98218a87,Myriad (Prentor #1),￥501.19,1,4,0
228ba5e7577e1d49,"1,000 Places to See Before You Die",￥222.49,1,5,0
bfd5e1701c862ac3,"Ajin: Demi-Human, Volume 1 (Ajin: Demi-Human #1)",￥486.77,1,4,0
71a6471bbdac21d9,Lord of the Flies,￥212.33,1,3,0
19fec36a1dfb4c16,A Spy's Devotion (The Regency Spies of London #1),￥144.77,1,5,0
f684a82adc49f011,1st to Die (Women's Murder Club #1),￥460.50,1,1,0
cd2a2a70dd5d176d,Alice in Wonderland (Alice's Adventures in Wonderland #1),￥473.72,1,1,0
fd78f89878479f56,My Perfect Mistake (Over the Top #1),￥332.02,1,2,0
08672cd59171d5e4,Beyond Good and Evil,￥370.07,1,1,0
abc0b15f2c907ff0,Bounty (Colorado Mountain #7),￥317.86,1,4,0
95cdfd514098c38b,Blood Defense (Samantha Brinkman #1),￥173.18,1,3,0
099fae4a0705d63b,"Bleach, Vol. 1: Strawberry and the Soul Reapers (Bleach #1)",￥295.60,1,5,0
a2b4b685dfa94733,Bridget Jones's Diary (Bridget Jones #1),￥254.39,1,1,0
230ac636ea0ea415,Bright Lines,￥333.30,1,5,0
a96404cb928895f3,Charity's Cross (Charles Towne Belles #4),￥351.81,1,1,0
1774749f2cee292f,Charlie and the Chocolate Factory (Charlie Bucket #1),￥194.93,1,3,0
2e69730561ed70ad,Emma,￥280.92,1,2,0
df56868afd166557,"Eat, Pray, Love",￥437.81,1,3,0
0072b94dfa30608e,Deep Under (Walker Security #1),￥401.72,1,5,0
a812f6969ddf3e39,Choosing Our Religion: The Spiritual Lives of America's Nones,￥242.45,1,4,0
6390772a3094939d,Fighting Fate (Fighting #6),￥334.75,1,3,0
e564c3f1a93ccf2e,Forever Rockers (The Rocker #12),￥245.69,1,3,0
a492f49a3e2b6a71,Frankenstein,￥324.17,1,2,0
b6f1cfadc4dd79d4,Off Sides (Off #1),￥336.54,1,5,0
a1985630339f4b3d,Old Records Never Die: One Man's Quest for His Vinyl and His Past,￥474.83,1,2,0
9ff997ab15713e53,On the Road (Duluoz Legend),￥276.06,1,3,0
39592d9d72e717c4,Of Mice and Men,￥401.89,1,2,0
dfb0849016bc122c,The Bette Davis Club,￥261.56,1,3,0
0ec9d2b018fb10d8,The Republic,￥288.17,1,3,0
5faefdc861684eb1,"The Sandman, Vol. 1: Preludes and Nocturnes (The Sandman (volumes) #1)",￥461.69,1,3,0
